Time (s),X,Y,Z,pca1,pca2,pca3
10.24892391,-0.8710436606120973,1.4886572810598215,9.809856772054976,1.401879672969056,0.3549101742321781,0.3591551140353104
10.74892391,0.1839637851227056,1.3813740642382055,9.304894148198033,0.7109481947713228,1.2365906638339106,0.005897619633422835
11.24892391,-0.0551444822318644,0.5755675791425646,9.844577233628486,0.18260287588698015,0.47241298239207197,0.3728286524425979
11.74892391,-0.1228074392786261,-0.5920941215552196,8.479964074399755,-0.6665336126937353,0.039187508480325484,-1.150806510543518
12.24892391,-0.3296437188227593,-0.0528925455150929,9.227300512839124,-0.13812803639105503,0.025750578467810037,-0.3680943449276217
12.74892391,-1.206753704082859,-0.6774895382636511,9.586620252092535,-0.13652131400342998,-1.1025860533645462,-0.24396591015525715
13.24892391,0.0519960788601841,0.1266340688007373,9.374113132347212,-0.2246258304660922,0.3999820370870215,-0.14027504664518986
13.74872391,0.0797704140702826,-0.7443725545267453,10.240653438814997,-0.97563248728964,-0.2588637904917688,0.5754254711684581
14.24892391,0.6099445758747184,-0.1413924301055643,8.904452502637811,-0.7525969562137309,0.7882261807328181,-0.5576942745651454
14.74892391,-0.2505619061158574,-0.0892142822116568,10.314711721872586,-0.2553094779328763,-0.1618188456963514,0.7001390378432912
15.24892391,-0.2576273372524287,0.5757335164995624,9.397805125237436,0.3193391560896325,0.40626577834589206,-0.09357502252350258
15.74892391,-0.4544103940555288,0.4300005757534929,10.203493920297316,0.2877331139619336,-0.003113188641447273,0.6416161195869758
16.248923910000002,0.1777965959143211,-0.224132139841284,9.892773966007498,-0.601240108457896,0.18971226678763742,0.3307027372261153
16.748723910000002,0.1706788987313417,0.4412830337179356,9.547761828546992,-0.047837107501627146,0.6373224139553262,0.09564601110193394
17.248923910000002,0.3459836355596954,0.1667652875146693,8.90731248981116,-0.34839257134407,0.7545287386631896,-0.5463790583658188
17.748923910000002,0.7503535512557462,0.9381468983289022,9.345658908464866,0.017500460734560304,1.423632972957873,0.06116848190914226
18.24892391,-0.2526689467908333,0.1234020844904368,9.018806259505306,-0.03369085031470745,0.23157482876896562,-0.5330307506232757
18.74872391,0.1938920772297205,0.0279492416004655,9.646562393536186,-0.39832705787121947,0.39855935245623586,0.13162131037646319
19.24892391,-0.0166738756999015,-0.0687456807894433,10.194748374320117,-0.3725259836365981,0.060636172645437636,0.6208431692422423
19.74892391,0.0123518817510667,0.1663000506939224,9.473960037904254,-0.1730133476440374,0.37015603577297784,-0.042494586962021685
20.24892391,-0.7781137360836315,-0.110817853852468,10.576987992511931,0.029187906791237058,-0.6477843598284818,0.8746820036422704
20.74892391,0.3501007386128863,-0.1333114945192475,9.859874747006677,-0.6286675546472233,0.38518876789614076,0.3381953021121529
21.24892391,-1.8184148627384435,0.353532323935143,10.30801816012876,1.0284222842521888,-1.1503185414425987,0.5294540388530002
21.74872391,0.854938374961009,0.6025094526763349,9.430512468470566,-0.3179590421632261,1.2967487691731256,0.10762198193618389
22.24892391,0.0034993755419945,0.6883801998321398,9.767910516889716,0.24173593040964644,0.5995867360374423,0.3241080906281084
22.74892391,1.002445392494143,-0.0521652645667514,9.15953183670604,-0.9223691943858232,1.0965917101920841,-0.23649039511621694
23.24892391,-1.1796567331330656,-0.2200646627281012,10.018472781220233,0.19966358533635328,-0.9107234690657808,0.25265953392655405
23.74892391,0.3689200230393363,-0.4967789674030265,8.701321317038266,-0.888776405862391,0.436820913263267,-0.8468727661804358
24.24892391,0.1663924429184606,-0.2149860112782629,9.550305382122234,-0.574163448462059,0.2581789488903925,-0.004077198323990672
24.74892391,-0.4041743908211222,-0.5055111368002377,9.731931688415088,-0.47785976164045557,-0.398619093941881,0.04368687077631783
25.24892391,0.6005533883779879,0.3823846353514387,9.446202432316191,-0.3455442353091157,0.9659010659118026,0.05112697390493004
25.74892391,-2.11395619724843,0.8517066122051348,10.082620984613952,1.6130346110394178,-1.0522414504076245,0.3425436319467785
26.24892391,0.2620202555542897,1.9305069851954408,8.800798435198637,1.1263382986973258,1.7188227541478174,-0.3898997249148408
26.74892391,2.0300507067435247,1.28168240144918,9.881564978561768,-0.48242372129511674,2.521521996316877,0.827688065640757
27.24892391,1.2055283171551214,1.2757414373927518,9.60216094032138,0.0107405498421757,1.9233870223226113,0.43150296101158503
27.74892391,1.6301102105593217,0.8476794493217493,8.706704617738827,-0.5512190564713542,2.2042625365183888,-0.4463690238975264
28.24892391,1.3346105637652037,0.3513681390859513,9.727087049490745,-0.8150679708731239,1.4708702056697398,0.42961311311941763
28.74892391,1.2633584598870946,0.1982160986236624,9.186724025370012,-0.8758882746391474,1.4408632123676073,-0.13245901627724344
29.24892391,1.4166128161284128,-0.7304070528803784,9.846076059591574,-1.7396434592185452,0.8922886555996523,0.3905762569380542
29.74892391,1.0752781104399924,0.4742482096479373,9.79599716635758,-0.5653806564934203,1.320973624702566,0.4774534449305037
30.24892391,0.6413844411089407,0.2591598800114316,9.462698784402845,-0.46958755220526865,0.9243404139842131,0.054227388819681366
30.74892391,0.7345389713225902,1.0311004126750345,10.038090454866962,0.07552527083743517,1.318098905598855,0.7495343622807251
31.24892391,1.7947335426089703,0.9292736642646812,9.402457757805614,-0.6091285201531924,2.2345898942380797,0.2702603326529154
31.74892391,1.4744740147435689,0.9269618909738996,9.475686953047877,-0.4244595160728226,1.9639010016840146,0.293901544550053
32.24892391,0.3714072271835029,1.172231260848556,9.722106418479052,0.41584571564029804,1.1775746629126551,0.4088535391833261
32.74892391,-0.406387261790496,0.173793137495921,9.769779519671028,0.06933876411952905,-0.019983325000641816,0.18546268003203004
33.24892391,0.345909177743376,0.023318558648987,9.690391348032229,-0.4935742597611426,0.5071855882770142,0.19627369431503894
33.74892391,0.5817257113801685,0.4777165070142184,9.613980153410054,-0.263957654359599,0.9700678517817545,0.22696291612322383
34.24892391,0.9416000322992236,0.4919444077430681,9.621452265080826,-0.4654973694947005,1.261945125316227,0.2898691390766519
34.74892391,1.0084935803224695,0.2549021886774941,9.643624237606028,-0.6968651016427316,1.1747770160010607,0.28476521985469283
35.24892391,1.0662178209047029,0.0678167528012284,9.67319037301837,-0.882842075779082,1.107340379434568,0.2932546115122179
35.748723909999995,0.9581848913715852,0.0123683809378077,9.64228086565764,-0.8624893194113292,0.9965105449922733,0.2384499898382817
36.24892391,1.0766044984486758,-0.0859143523627515,9.606568246269596,-1.0103221254070294,1.0417435233853551,0.20593031385580396
36.74872391,1.0827999675081026,-0.2141757844744461,9.728126377498487,-1.1219284400888037,0.9476694241885093,0.3057293742498004
37.24892391,1.1952693466393671,-0.1602844229045529,9.58650430311201,-1.1396256677878078,1.097539799393756,0.19243272462958316
37.74892391,1.1203641943406966,-0.2171203460527115,9.584415480999615,-1.1410637960318464,1.006098711670334,0.17047990153279535
38.24872391,1.382733821621429,0.1293385143752798,9.688351454917614,-1.0209387426940377,1.3902583008836409,0.3645562564522642
38.74892391,0.0005600770038199,0.4309895749785727,9.174106995817349,0.058573281752943296,0.575422852765165,-0.2961569702600677
39.24892391,0.3401880803972226,-0.1813759103343618,9.836847980228114,-0.6606624473547609,0.35470974270117783,0.3067940805973599
39.74892391,2.627212938436773,0.9487520134633451,9.35955215256442,-1.0838856130131533,2.914797689291348,0.35490842686873236
40.24892391,-0.2076452931664873,1.2139648943231387,9.607474703506146,0.7960870156502253,0.7665371983017975,0.2174150268162105
40.74892391,1.0806357221410838,2.08537134848539,9.662527958008772,0.7346068985634524,2.2745166402067656,0.5972389881243956
41.24892391,0.6973780122762233,2.2280654769581165,8.943929905080555,1.103327073650856,2.2039027096773833,-0.1394362140117824
41.74892391,0.5801442634928623,1.525728575653529,9.29332920537994,0.5935133767658374,1.6356676335087532,0.07573729392470163
42.24892391,-0.4210032192836065,1.8489845182472229,9.490510126820588,1.438273458342045,0.9851253179050206,0.16979101610661118
42.74872391,-0.8699575236696095,2.341013423901863,8.855602244349019,2.124121137496616,1.044486856547958,-0.4408231004835521
43.24892391,-0.9292234122846852,1.160987251469805,9.796345720039806,1.172773442225709,0.12429643748395147,0.2866105085821218
43.74872391,-0.944510373011038,2.1325037956304964,9.05362249702316,1.992692923130823,0.8243751000748119,-0.2907436147873206
44.24892391,-0.3054982931619111,1.447339179119332,9.641689564636383,1.0406645473070435,0.8151619753979438,0.272432162286977
44.74892391,-0.2565407332036408,1.318376599844962,9.671939104159035,0.9066739251326348,0.7738611380579921,0.2892838143078329
45.24892391,-1.7492731001649893,1.8166047056422991,9.403028928364556,2.2006323419880505,-0.06801847596905919,-0.1177839667323024
45.74892391,-1.1171667496365216,2.613004736737783,9.66193731400809,2.4588627304909183,0.8338171935134242,0.35216761775974526
46.24852391,-0.3511855847912241,2.2514631797934266,8.56224694381969,1.7564322837323074,1.4665008418594456,-0.6642285752490018
46.74892391,-0.8155817003118205,1.8762026014032032,9.325394358800285,1.6996889078151112,0.7227005901117058,-0.0458277298538281
47.24892391,-0.5245822655296488,2.110250379332672,8.76988802430451,1.7372878835558718,1.2044676154083953,-0.5090049868756097
47.74872391,-1.701037282700966,2.079680423601135,9.194933032205048,2.3919624870599425,0.16455182992630313,-0.2731649754396539
48.24892391,0.1406956253344135,1.7793324262216934,8.614546850746972,1.0833015770924745,1.5755108458139833,-0.6132214735486752
48.74892391,3.2224853882591216,-0.4899141655920471,9.216509654520992,-2.5894834830323417,2.5944106581400037,0.08086823896637974
49.24892391,4.208677577341236,0.5821400969690897,8.722319343983106,-2.289940196630209,4.093520414670607,-0.08955240578587542
49.74892391,3.325990156689377,-0.1524949848060564,9.56417768865914,-2.391965565634363,2.796008425374019,0.4880328434749224
50.24872391,2.286547022053733,0.0232734550408701,9.596314030921574,-1.6371525666774474,2.0656143981260326,0.39237083091226665
50.74892391,1.9166143897534629,0.0874726749170374,9.738164391569471,-1.3721314151707031,1.7790866437120318,0.48595957112049426
51.24892391,-1.4329683110400748,1.6815546428980883,9.965576416877989,1.8835551019315842,-0.013181612772518392,0.45771743046520363
51.74892391,0.7513252403798399,0.3699391447789661,8.67752103683817,-0.41558855070182704,1.2405551193963908,-0.6792271005899995
52.24892391,1.3561987511162124,0.1503266351645264,9.606696164968705,-0.9852519453564408,1.3984536010925317,0.2841107027659806
52.74892391,0.9899055570664456,-0.0350903077280831,9.456294230886074,-0.9124354812312847,1.0337792806563075,0.05415137796851788
53.24852391,1.1272098069369567,-0.609714165343038,9.851988574961569,-1.4715585702521428,0.7305965631113283,0.3720832257157145
53.74892391,0.96611637367943,0.4485416563900405,9.008202919282471,-0.4917401225713884,1.3859961753050232,-0.3121958614419196
54.24892391,0.2887337750082004,-0.3844463598747708,10.057715113963024,-0.8022267455163057,0.15119907119187603,0.48345873425435926
54.74872391,0.4880015367046879,-0.1314381784450019,9.413218295594593,-0.6917595296526873,0.5898602734864955,-0.07731775725516954
55.24872391,0.8034634015448409,-1.0612152694952146,10.445564099761164,-1.666447030490908,0.09050764504319853,0.8339290341065659
55.74892391,2.8977371289465514,-0.1132217255146422,9.31714212670846,-2.0978305652523925,2.5310671933151863,0.1892681222643997
56.24892391,1.523349935921234,1.144856749169468,9.50729034777716,-0.2789859945972697,2.1205582414175264,0.3657469566932505
56.74872391,1.8517212065496031,0.4768471831051499,9.01975833165438,-0.9928493110918089,2.1018760770000733,-0.16510338056610152
57.24892391,3.106794437463926,-0.1413317950721502,9.11416905692954,-2.2363672146267444,2.723581262132037,0.017689768739710843
57.74892391,2.966728215364499,-0.2016651865050432,9.016866095798315,-2.198501822132007,2.598574070251246,-0.10747390398206491
58.24892391,2.118479123989625,1.5335251351356094,8.76412506434717,-0.2894721943931797,2.9714561609407557,-0.21166041544614878
58.74892391,0.889577694545195,2.72258983354254,9.234284146124184,1.3771692713951729,2.5777385104997874,0.24922544755208698
59.24892391,0.9852952243810938,2.5423327979844066,9.235515653586724,1.1753091331960834,2.55030827395545,0.23673434167274543
59.74892391,1.2980291748723851,0.9052708641419004,10.106955797265028,-0.3615414671193869,1.6783771251354551,0.8809458962629613
60.24892391,1.1600183230218626,1.6223305542880215,9.083077036334176,0.3365458796189243,2.1950147918716043,-0.028619323597355972
60.74892391,-0.0530308721392377,1.079568324711213,11.127196467481072,0.5388703069289734,0.4915395755018972,1.7039338357187805
61.24892391,-0.3308440434687151,1.3424793750862491,9.748554268245307,0.9671134242488695,0.7125614889917422,0.35682068593792593
61.74892391,0.8206128112401094,1.0176444378374891,9.14305460746922,0.04769359304696343,1.5675481311104598,-0.11399294991443654
62.24892391,0.0849695251650307,0.7396007501125874,9.55510335021595,0.24290554305311188,0.7383768108601234,0.1362683520866419
62.74892391,-0.3206987593211893,1.27954944258605,9.39976718401002,0.923618985835198,0.7582387979211525,0.00791188610577187
63.24892391,-1.4502383654570778,0.0244060267008991,10.051921462603254,0.5553098931506542,-0.9925375888463659,0.2830125497547069
63.74892391,-0.9072791558281552,1.0900820532591522,9.3685461857183,1.1188704817528592,0.19144449700894528,-0.13895634638276988
64.24892391,-1.1406823004491762,0.6730694956885249,10.640981691618514,0.8726652505995447,-0.5005749907126336,1.0047047181518298
64.74892391,-0.6258596207869229,1.5609091275010032,8.993237354760792,1.3460853386631235,0.7629586309230907,-0.39090239352832157
65.24892391,0.3834415063143478,0.6354197399904666,9.380789688170715,-0.010860154085207949,0.9522410240207555,-0.005821508431166578
65.74892391,-0.0424743577977232,0.7066472481154975,9.677744570204698,0.2870426807538067,0.592610933570423,0.23204396240774017
66.24892391,0.2886375070697562,0.3468125131610508,9.19136593411199,-0.1801841475602358,0.7520507360023028,-0.2495765536495007
66.74892391,-0.1038684293590058,-0.324221127182555,9.424263851175816,-0.4976530724211328,0.00805613326555843,-0.18420064659239088
67.24892391,-0.5761609327642662,0.4015462963209588,9.837132939998648,0.35064463955202524,-0.03858730454370285,0.2613044912764888
67.74892391,-1.4549000652816753,-0.0120087648040731,10.517573362620494,0.5110950422220398,-1.1153303342532985,0.7315060827159527
68.24892391,-0.8600104210085902,0.8274943863600835,10.76033834780589,0.8266640063426913,-0.21495081741754873,1.1868378543467184
68.74892391,-1.1847236521408862,1.1489091758479848,8.781653462947828,1.3524855794650035,0.1289765671562133,-0.7442669202108707
69.24872391,-1.033450858991836,0.3213273634069392,9.493376027523858,0.5693290379603584,-0.3744537245777928,-0.15473499060900409
69.74892391,-0.5307766974126563,0.5074184516714689,9.530293876617474,0.42073819016859587,0.12268438123437697,-0.015276763406303573
70.24872391,-1.02766502348312,0.5172159456677815,9.604137058721886,0.7195451636839167,-0.2812477890761125,-0.015373633897009853
70.74892391,0.011691302710132,0.7229592234357416,9.886890819615472,0.2602496030530125,0.6007402013029737,0.446888554969771
71.24892391,-0.5884258469991228,0.4025861401172618,10.140697133182336,0.34723863717449,-0.11178505337688582,0.5561488866668896
71.74872391,0.3240571160073534,0.5512746106301294,10.09550354932464,-0.0706155182009871,0.7062081982266555,0.6704328497979795
72.24892391,-0.2979073388470213,0.6933994650615977,9.979027324921445,0.4159471023125895,0.3189346765093939,0.486362200599471
72.74892391,-0.6952216791314194,0.9108280367815486,9.153271680492978,0.8572477327024233,0.30252004004082433,-0.3454975029734424
73.24872391,-0.2023005869216725,0.3581895058913747,9.334347805043056,0.11376055388179321,0.3391471911104669,-0.1810153501858629
73.74892391,-1.0694870442691269,-0.028245445936611,9.30008746537368,0.3162932421506316,-0.5620911501958501,-0.4029794396630173
74.24892391,-1.497302561745714,1.0009900961639289,9.712565928925928,1.382823419111727,-0.39988778310782,0.09571270018662403
74.74892391,-1.4454733802057405,0.1940209081591941,10.263483164408395,0.681143887630361,-0.9364367795926816,0.5166121469324576
75.24892391,-0.0842494835727761,0.3246530866005145,9.228516965645603,0.020967260988642995,0.43590405520349407,-0.2720561928513554
75.74892391,-0.7160338647871456,0.0557222753910968,9.794304299224873,0.15631008680122077,-0.3381615787830463,0.14519110334719443
76.24892391,-1.279428250249342,0.325042752710011,9.28609671794784,0.7255669264199802,-0.523601212948424,-0.3931215301372326
76.74892391,-1.2936675247588565,0.4300744207454069,8.814531035609857,0.8364634124244361,-0.3753153615212059,-0.8395763169254487
77.24892391,-1.4376550167374669,0.1120053934779549,9.445405931978348,0.6414156910231235,-0.8044708472109576,-0.2939707869867778
77.74892391,-0.5850037177964491,0.0797898825345062,9.942578661666644,0.09263623138216798,-0.251810369024561,0.313186771150999
78.24892391,-1.6830704566018562,0.2122463838771586,9.61717056202137,0.8607418518141388,-0.9779847935650912,-0.14710680901004736
78.74892391,-0.9313153035357088,0.786294991159145,9.807752527475644,0.8716840728159223,-0.09399204603629174,0.23945002944497418
79.24892391,-0.9047277204188848,0.5833542122144142,10.431242811212126,0.6688498391851188,-0.3205294664806524,0.8209748045442868
79.74892391,-0.5789298119598085,0.9584423842746248,8.85595908938941,0.8381283438785501,0.4846912601750615,-0.6112676984656638
80.24892391,-0.9258918667808962,0.6177618467710032,9.490196574399317,0.7447124674293863,-0.11902624681838159,-0.09599909929822381
80.74892391,-0.9704357945701938,0.0618081798721513,9.219699514131449,0.3333453369480596,-0.4151077377865886,-0.4528606067774401
81.24872391,-0.7385672618625146,0.110154893184067,9.272001160952392,0.23326196811797204,-0.21467221652154667,-0.35988316592703384
81.74892391,-1.5165455667528394,-0.675853944163284,9.709703699745145,0.04325314795742861,-1.3732409312202818,-0.16946565277160452
82.24892390999999,-0.7816121312645302,-0.2130751383136376,9.953368546469642,-0.027522599432847725,-0.5774044947709807,0.24922169510574754
82.74892390999999,-1.305825945742027,-0.5240408913374384,10.13634487196069,0.02486161711007613,-1.2094238235695074,0.3020196156628643
83.24892390999999,-0.4618691631681934,0.4378328419157694,9.515773651881306,0.3244910141330917,0.14059687555743405,-0.030003132253725084
83.74872391000001,-0.9725150944477908,-0.4457239375223449,9.85881021237179,-0.09854827823560183,-0.8418136877534832,0.09252512434010107
84.24892390999999,-0.9702872792372932,0.4010372840662548,8.966604070781123,0.6161611709860464,-0.1676261474867906,-0.6475443942737709
84.74892390999999,-0.1476812634477593,0.4298631024934501,8.902377064684242,0.15557883558740127,0.514597893454761,-0.583740290852381
85.24892390999999,-1.022607053711172,-0.2210060269548768,9.696418658554467,0.11826725575908995,-0.7187770986413304,-0.038743235983707436
85.74892390999999,-0.3838075509218314,0.8039986990979808,9.01405197440849,0.5923694617880686,0.5177243742366029,-0.45179891096727864
86.24892390999999,-0.4605453435490828,-0.5904860096351127,9.893761516801389,-0.5191315687611735,-0.5260491233274163,0.18023551495886636
86.74852391,-0.2756403689345472,-0.2192614523599703,9.623680238066347,-0.31910236735724345,-0.1102090957394779,0.0013310468037897039
87.24892390999999,-0.9830327302961624,-0.4205959218402186,10.134242319385043,-0.08251382652041275,-0.8939168551925318,0.3638792098275552
87.74892390999999,-0.0648519827247596,-0.1003415215421466,9.505656388744306,-0.3434147887378598,0.1498099576410019,-0.06426103169022568
88.24892390999999,-0.6716261514479928,-0.7273327827339261,10.531862686478606,-0.5287813608871712,-0.9063133867879518,0.7509904719771914
88.74872391000001,-0.3551900133577753,0.5055186195432616,8.961792802207869,0.3369434429455243,0.38079295170336525,-0.5447917969725431
89.24892390999999,0.4859675518282395,-0.0223366526128651,9.682902911767512,-0.6128636691259159,0.5937063520360477,0.20267817683181555
89.74892390999999,-0.5647191322258284,0.0128874587120005,9.69183709105293,0.03623560151487886,-0.2210583252927849,0.060932901575482035
90.24892391,-0.2986748702935438,0.1365379615167468,9.46516047773236,-0.0128130714382301,0.10840547759473784,-0.10185258133338948
90.74892391,-0.267381494459485,-0.4226738909895006,10.366326425104033,-0.5159940770002209,-0.3766960140873459,0.6964472711445406
91.24892391,-1.551669060158111,1.6969538706386011,10.040714003399572,1.9632811574208227,-0.11434518502842428,0.5158753937120917
91.74892391,-0.9833006459761858,0.6844395186066065,9.760684097241796,0.8221283646882149,-0.18350747622850339,0.16999738520662966
92.24892391,-0.5267893667825622,0.6251400762371495,10.23369454538235,0.48659880981598236,0.044695479514417435,0.6905751265132398
92.74872391,-0.3091817410248219,0.9433504752892372,9.20732992412164,0.6532178963942159,0.6157696073556422,-0.2303742168964149
93.24892391,-1.248960460804495,0.5818254601453883,8.56280205365605,0.9418358163595024,-0.19998142745585934,-1.0553290641524722
93.74892391,0.0283683690118826,-0.0578381188717063,9.708005689040132,-0.37193286170716433,0.20531194764912808,0.1537941474868223
94.24892391,-0.940844670989144,0.3906542333026124,9.456928100918653,0.5718273328986343,-0.25370394406603536,-0.1658624938556379
94.74892391,-0.5356273346773486,1.051692897073783,9.50047739454702,0.8632626665687011,0.4363091251902256,0.03911837395329343
95.24892391,-0.0649805795671276,0.7250111681363421,10.23460825224581,0.29405805325532064,0.46773852234888835,0.7754577912873835
95.74892391,-1.5079860796974558,1.7736278122738105,9.703404434555203,2.012008642651165,0.035315122135355814,0.2047608392718523
96.24892391,-1.141295497464448,1.713272407330516,10.100136761706132,1.7316090174823815,0.20780040867836602,0.6373416681838879
96.74892391,-2.4370589684463058,2.6157834857930227,8.46476008427422,3.2866126454149427,0.04162173620076004,-1.012608168173843
97.24872391,-1.34134278990628,1.120530093587473,9.28635049046454,1.403088351463266,-0.11793921255381079,-0.2789434054334503
97.74892391,-1.590338266600653,1.2228306874416282,9.546904392368925,1.6228283619482495,-0.3118532648761083,-0.045567822265940805
98.24872391,-1.3962077548400194,0.5541016100710086,9.090325903274389,0.9865625838812491,-0.44390997431248724,-0.5662174514551737
98.74872391,-0.8756995601594707,0.4198426202916837,9.671727078267482,0.5487049958743748,-0.23070102594320252,0.05812561153951101
99.24892391,-0.782208812694561,1.0145569080998331,9.579035764889571,0.9761207883898124,0.20299976582060353,0.07350894967763644
99.74892391,-1.0293562115481714,-0.1366011267522644,10.02094129362109,0.17797559405376007,-0.7443628902670536,0.2902931762646652
100.2489239,-0.8984189293025949,0.2789231197864284,10.118877258920156,0.4316637979811997,-0.4236540121318,0.4696936648809533
100.7489239,-1.178065089934752,0.1486601808740845,10.0331340429122,0.4952536406490946,-0.7017450984183311,0.324283943269144
101.2489239,-0.3495013765696129,1.352297080780119,10.108634647574432,0.9724185659142721,0.6273862566232407,0.70727667213907
101.7489239,-1.130657434222609,1.043844165067446,10.054501340534888,1.187682481551879,-0.15686558714705878,0.4907382350940317
102.2489239,-0.4467505416987443,1.7181953832106074,9.366814466249975,1.3527976219912394,0.9160424366278146,0.024909078606642154
102.7489239,-0.5183013451278996,1.0007246773677998,9.223540029366974,0.8224410555201886,0.47935426111710666,-0.23669490692920903
103.2489239,-0.8327239451672638,0.6269086227067715,9.658848319479285,0.6906254148694209,-0.07552480142529694,0.0839718740292259
103.7489239,-0.1235794412200917,0.5644903678184595,9.062850388197823,0.24372727039949812,0.576808491721192,-0.4025862655960015
104.2489239,-0.5085965543603209,0.9026800429834174,9.389635666083546,0.7314201442911579,0.395938499837986,-0.08819676444602997
104.7489239,0.0079099810358773,1.3326755675878532,9.390160105754497,0.7725476542481704,1.0511715997430668,0.05551663102325399
105.2489239,0.0384050988282497,0.5012960796745543,9.857237040294102,0.06698530759827043,0.5014469760915401,0.3875818069332517
105.7489239,-0.2083490099619455,0.7252774876136894,9.649067641600118,0.40118695251435504,0.47780406081778004,0.18230143049020953
106.2489239,-0.9756243331395364,0.3360961087666473,10.218091918329163,0.5196081137877102,-0.47311702450831206,0.5639920286852558
106.7489239,0.2232223731090151,0.9836373066984424,9.701520703224803,0.3522642745200568,0.9566090151685265,0.33756689910489257
107.2487239,-0.7664933293836108,0.6039765480550063,9.83665490655834,0.6262679741050015,-0.07365268389367197,0.2639223447644259
107.7489239,-0.0946986340393687,0.5420584797070631,9.204946295252585,0.20320225057569063,0.5568913263123869,-0.2629812272924852
108.2489239,-0.1086748041951819,-0.0077002340661888,9.29897272722739,-0.23504362922830868,0.2116528493969816,-0.2583026053044488
108.7489239,-0.4143790225543325,-0.3787666150094765,9.771723973396885,-0.3712148957717661,-0.3426443965465298,0.10065563495634677
109.2487239,0.1892089145810868,-0.0672813489379862,9.239184336184136,-0.45686310417315895,0.4263787897017617,-0.2817154641710058
109.7489239,-0.3086030776225175,-0.3383850723920132,10.607636458817597,-0.4328521428990432,-0.41211670602104,0.9390728048517794
110.2489239,-0.0258861857536724,0.5408699133255268,10.013394367384818,0.13096032066672536,0.440142793892651,0.5366910398296802
110.7489239,0.0387867020087026,0.3078678772428155,10.802416172757962,-0.1248740709857335,0.1916777270191874,1.2808965324027284
111.2489239,0.3908389671867737,1.2202591082070733,9.210956066316031,0.46240949126074204,1.3283196898990979,-0.08009093700661118
111.7489239,0.0470249991891935,0.5571993694601194,9.354958101967952,0.12594936941317,0.6462503124836281,-0.09308319653707997
112.2489239,-0.2188485844119017,0.1042218867476781,9.876952595818793,-0.10162683505937367,0.06630813265515112,0.30720639004449524
112.7489239,-0.4017844995389538,0.4670579608608982,8.875658393547324,0.3367582901041573,0.34004123831174793,-0.6417900873602811
113.2489239,-1.0920248650345348,0.4461659889568825,10.268115660859998,0.6752026472744204,-0.5130305702228428,0.6126139083781421
113.7487239,-0.5330947655332355,1.3308191030919527,9.775443366385415,1.0762501900840071,0.5398691457078464,0.3512654153277204
114.2489239,-0.8169503424762626,0.5142331099441215,9.945172157947804,0.5796768928433631,-0.18786848365051823,0.34853801078492985
114.7489239,0.4968587896194036,1.3349680201096177,9.86969615346739,0.4672226413700835,1.3389286954888662,0.5968146119624542
115.2489239,0.2262725816207743,1.3533445282739964,9.389614028462203,0.6601482224282609,1.2362286990803026,0.09058751897756245
115.7489239,0.3798604049262654,0.8982677525919149,9.339049643075867,0.20461674354902037,1.1084890842992057,-0.0064408834007370075
116.2489239,0.2958432024265992,0.6850139112241039,9.335387835071234,0.08259650131973593,0.9207269607346718,-0.05549132124489553
116.7489239,0.2593180141825141,0.8527086459810508,9.60574275253838,0.22906384958248005,0.9305853001687552,0.22910931803165013
117.2489239,0.3484526296682551,0.8509379594221387,9.287431745524488,0.18700194884848545,1.0674223078698042,-0.0688444401674122
117.7489239,-0.0690727596534878,0.6128405736735968,9.784111035332035,0.22315649724274667,0.4954418575402111,0.31747064602966546
118.2489239,0.0280872371851477,0.6611132170799081,9.764943916601212,0.2053451258922655,0.6041175526512585,0.32063922146729595
118.7487239,-0.3307918822285159,0.2980799493042015,10.189260184978956,0.1089115707507935,0.022476688593513927,0.6256411004352529
119.2487239,-0.4612258446342195,1.5371870420433211,9.628877712079229,1.2055911036756763,0.7457688659648998,0.25071397421539743
119.7489239,-0.2591345704340197,0.830220014686622,8.73910394443892,0.550212640147264,0.6895892692095746,-0.6977919777479009
120.2489239,-0.4932314553985577,0.5900661556798635,9.810847667195937,0.4545132276496191,0.14049172752464,0.27711486240564476
120.7489239,0.9727023618446804,0.1890972020313208,9.448816683237007,-0.7213530873911469,1.1498927574327737,0.0789925223062582
121.2489239,-0.8308306077614221,0.5405539817601226,9.555628809421796,0.623837414985924,-0.1016103515330915,-0.029931080906987262
121.7489239,0.7372354116083639,0.6615741880591748,9.444285274846123,-0.20131756093005748,1.2342923639645746,0.1127486814061438
122.2489239,-0.992670285233572,0.0595803076745782,10.05585021642405,0.31303466000893726,-0.6104821073310291,0.3601976107330813
122.7489239,0.3666334402186028,1.305542210035417,9.769308966760702,0.5242905096361474,1.2400453638925333,0.4748824491671364
123.2489239,-1.5300783122204695,1.2213923665294963,9.62117731062408,1.5832379263133278,-0.28057514041446563,0.035697629135526654
123.7489239,-0.8673527341664795,1.00678585338841,9.56649769290002,1.0206625349810012,0.13369822622997418,0.047424292786390154
124.2489239,0.256812685908771,0.3357520787647721,9.184952574400668,-0.17004131235037626,0.7218489953533638,-0.26227542719914076
124.75372782156865,-0.7973126581924783,1.6387951670146077,9.154354045559376,1.5040840981002446,0.6375507285534199,-0.24692247381670995
125.25371981836736,-0.8359729762919956,1.3280076970909087,9.465391468358014,1.2647544092862715,0.36356782309202607,0.003042358920794186
125.7489239,-0.6879356864316439,0.2106321228447685,9.543210855319032,0.2740209685222549,-0.1743238457677374,-0.07191677675478303
126.2489239,-0.2394295509923276,0.935840430598754,9.433433578025706,0.5973759522698845,0.6190577076249766,-0.0003405307385246914
126.7489239,0.2924181929420855,0.6370215990374907,10.058680228965976,0.018567704329845898,0.7379196021582202,0.6430419010082069
127.2489239,-0.4927326289170068,1.767371968697071,9.644519964065058,1.4090851234880613,0.8490913905198736,0.2969427291392108
127.7489239,-0.6328617094152276,0.278999326361623,9.957773773632203,0.28085500612244235,-0.17906681929701085,0.3517581349801855
128.24892390000002,-0.9053264262186648,0.2808926196529873,10.154307654164691,0.43599217609509094,-0.4354821783859957,0.5035797236148962
128.74892390000002,-1.4903587358000818,0.2253343374650367,8.789896444275781,0.7886980725683312,-0.643115073439021,-0.9245150236372854
129.24892390000002,-1.5787428232200211,-0.0934462468347528,10.10703465358891,0.5342267362407692,-1.1734314156763124,0.2995334992619867
129.74872390000002,0.2561342791722646,-0.4271579512715429,9.195877460940546,-0.7847395975124374,0.2828274283838865,-0.36978174918118434
130.24892390000002,-1.366214241129135,-0.6026952495689029,9.523720962288566,0.020379366429401732,-1.172974238523412,-0.31749038923562445
130.74892390000002,-0.1352970263967108,-0.8323104966810301,9.226715380022023,-0.880969778535097,-0.26565773428104,-0.4604559344891861
131.24892390000002,-0.5631179667076753,-1.248829388011726,10.011260969687113,-0.9933850969824538,-1.008564767164979,0.17788759585855196
131.74872390000002,-0.3685974436566108,-0.8510701665984856,9.7621947590678,-0.7784559913466367,-0.5743658851998013,0.025043165700406433
132.24872390000002,-1.1178027353452498,-0.9244987857377912,10.948440476122537,-0.4396794891810839,-1.4607020538129718,1.0611502596932372
132.74892390000002,-0.4944208108731926,0.2391378421882702,8.956515286102887,0.2048159268724558,0.11922251597385536,-0.6118366502120143
133.24892390000002,0.1096022741081325,-0.3514748425377709,9.124506961561927,-0.6344440548128902,0.22498543532138005,-0.4495242304598701
133.74892390000002,-1.006323310422492,0.1131823215872363,9.675093015159089,0.3787089392319156,-0.5103007314116139,-0.005433635572350326
134.24892390000002,0.3503048704671754,0.2646815045061238,9.277748837517358,-0.28608006095681726,0.7357544769504056,-0.16876281868679044
134.74892390000002,-0.9444945385964002,-0.2694888099325435,9.621107605738535,0.03588351218040888,-0.6686713914286875,-0.10821435831336323
135.24892390000002,-0.5094522801804893,0.1816090230528387,9.847078051004464,0.13363078995904273,-0.11354208691687928,0.24687800801476456
135.74892390000002,-0.9013750143524726,0.1091616134646749,10.14062079328755,0.2958090172332687,-0.5276443530092618,0.4642186026566648
136.24872390000002,-2.160565383982938,1.5495186542359571,9.826947268962687,2.212500891870237,-0.636274346971955,0.19390091206986781
136.74872390000002,-1.7654855647846373,1.6848370225288531,9.056757556055365,2.1171592311114504,-0.0831259308420158,-0.4788011881648302
137.24872390000002,-1.4516978569114565,1.3124215688319956,9.151320542304024,1.628040573501733,-0.0672237193430103,-0.39751027489456625
137.74892390000002,-0.9396503000869976,1.28514621222277,9.051643714191528,1.3071690279913937,0.3441868429975292,-0.4231016028607648
138.24892390000002,-0.4894233807230242,1.1150021701461783,9.29606642176758,0.8947001284554261,0.5522784723285394,-0.14388302419720844
138.74892390000002,-0.5433839787679583,1.447395143569206,9.673233618094146,1.1801286740248091,0.6199331732168869,0.26794863525731394
139.24892390000002,-0.7236840547484731,1.347103323042468,10.090761575105642,1.1900886164004585,0.33152510490441967,0.6334862492308755
139.74892390000002,-2.9306783170622324,1.7359994453923069,9.838820685906452,2.8175120587775244,-1.1427337211057331,0.12007419965683397
140.24872390000002,-1.6738313056243534,1.5286147163453483,8.506562491006928,1.9579440841939029,0.016344134397341836,-1.0267763380470747
140.74892390000002,-2.8516028041972605,0.986009626858802,8.798263800600346,2.205892746898354,-1.2892182200612523,-1.000622193260945
141.24892390000002,-1.3663329175746828,0.1194580466768955,8.98106799050535,0.6228429367514496,-0.6456634386211988,-0.735770931323378
141.74892390000002,-2.417580599854672,0.0491382920009329,9.149559355735123,1.1811947058482233,-1.5548904884307762,-0.7380885583003316
142.24892390000002,-3.37971152307206,-0.0585092183067028,9.714543189459071,1.6417824520845445,-2.4984853831799634,-0.34568795320879886
142.74872390000002,-1.8395625908075897,-1.0991010676990458,10.38666192476608,-0.1324589199702712,-2.014196145339034,0.3783045969796355
143.24892390000002,-1.9265345775790828,0.0850193067923494,9.705417110388556,0.8988030439089427,-1.2623750451364164,-0.11673427021263194
143.74872390000002,-0.999435178473454,0.3833835208646066,9.058283365611173,0.6156953752852727,-0.22017792326083985,-0.5650553502560616
144.24892390000002,-1.109255283850326,-0.2643099180600255,9.372397990270011,0.14686233614821634,-0.7438470129961603,-0.37478840708185146
144.74892390000002,0.0608339843553077,-0.4296044233516709,8.99447590863884,-0.6636439839320585,0.16909491336240734,-0.5958603705703958
145.24892390000002,-0.9175954917546038,-0.8195584983810439,9.483109822877896,-0.4179892022608368,-0.9327110010713682,-0.32414548754385564
145.74892390000002,-1.0314748365168789,-0.1979752497036051,9.816736751032703,0.13750965015018482,-0.7380339278975669,0.08102488346125192
146.24872390000002,-1.1814615470399237,-0.2249274971576131,9.929756917563113,0.20017132540842308,-0.8962108257905634,0.1649866512230549
146.74872390000002,-0.1388399972515226,-0.0185565355906161,10.341683603707668,-0.2654393164592396,-0.03853757801420432,0.753999040606864
147.24892390000002,-1.9216152658496064,0.008024335149127,9.34152732775748,0.8476371091069872,-1.2256949717559618,-0.48334689754858573
147.74892390000002,-1.5867954926071457,-0.0305520926232899,9.35958496931164,0.6179611824233797,-0.9861056288744838,-0.42199206699744174
148.24892390000002,0.090194303378668,-1.7893802783087769,9.510607735839976,-1.7961280874607877,-0.6939822675215117,-0.2978301670680281
148.74892390000002,-0.972571773931546,-1.905926977992248,9.513380706000865,-1.2619389963078067,-1.6037953374001965,-0.4708756825344427
149.24872390000002,-0.4586043871351639,-1.4632296927229882,9.152899232114963,-1.1954082217842632,-0.867121873950337,-0.6781825043713336
149.74872390000002,-0.2797697856991669,-1.551310701914283,9.614770623976469,-1.3895720106931186,-0.8731741274129923,-0.2141468863681517
150.24892390000002,-0.6040752667183685,0.0406217574561419,9.434864219618811,0.09157424144617705,-0.18216961858318692,-0.19161106830526897
150.74892390000002,-0.7483136331051554,-2.228239222771228,10.032382122935548,-1.6738384146990546,-1.7198086975124536,0.019449859372155487
151.24892390000002,-0.1926674398533518,-1.0762743208860406,10.113557199311906,-1.0772005304041168,-0.6377950209544614,0.3594864148199406
151.74872390000002,-0.3002855470074888,-1.6762154613803293,9.49823704191784,-1.473670263525865,-0.9362565722520566,-0.35034622619897604
152.24892390000002,-0.6373251967703049,-1.3640988603590218,9.684554806827853,-1.0300256893385564,-1.0643491061781298,-0.17007253923119237
152.74892390000002,-0.5616402344374474,-2.284906035332275,9.722070742471988,-1.8180884745560397,-1.5387139158699208,-0.26471178222340264
153.24892390000002,0.6180612799224999,-1.7661034758687366,9.314714567948108,-2.081977012669028,-0.2208206374882704,-0.40722830007609545
153.74892390000002,-0.728536691596655,-1.83457842414823,9.558032677337778,-1.3503914802449501,-1.378948474996617,-0.3800044404238747
154.24892390000002,-0.4576562263576099,-2.5916177709257098,9.093104765103435,-2.102860378985923,-1.4988827751395335,-0.911087374313448
154.74892390000002,-0.3546242162672806,-2.5645647008218684,9.097154750663098,-2.1421185846702957,-1.4025834600869524,-0.8876544637990076
155.24892390000002,-0.9409916417373264,-2.077207045651128,8.929057835757881,-1.3964846148134986,-1.55336012061009,-1.0634304466397442
155.74892390000002,-0.1373628581163291,-2.222639912120675,8.822710542707302,-1.9846571043850736,-0.976920988389542,-1.0705534101307812
156.24892390000002,-0.8890307861113061,-1.498397563810467,9.526603271251991,-0.9834691243679654,-1.3073555766409917,-0.3824892867261447
156.74892390000002,-1.5099508746253223,-1.4629652855397368,9.014842863892545,-0.5685210280778652,-1.671374299596347,-0.9690081388763438
157.24892390000002,-0.8520669706543669,-2.9067677757162698,9.392617104590064,-2.1349858757624487,-2.054977688123746,-0.7258486028564235
157.74892390000002,-0.2854075746303912,-1.886987341767956,8.875723112386677,-1.628716326111442,-0.9135816301577688,-0.9887945777218281
158.24892390000002,-0.9283780803640116,-2.8279452316319755,9.231015216103554,-2.0202518216268777,-2.0363077817643194,-0.8828170095553212
158.74892390000002,-0.6811650167262435,-1.103847794287494,9.431403841035891,-0.7848399501884367,-0.896885199309227,-0.3835620047796162
159.24872390000002,-1.3496837775210373,-2.131346046553547,9.68802369933744,-1.2272646274634156,-2.068519364191133,-0.39114700568386596
159.74892390000002,-0.5072490505178109,-1.3848941413987677,10.197354521275244,-1.1430838761843276,-1.081337985878382,0.3468849242301886
160.24892390000002,-0.9944114561822556,-0.467909889719064,9.451205300156367,-0.08804814581447395,-0.7858317870081191,-0.3122824912037512
160.74892390000002,-0.7772361579572986,1.0629249043677786,9.115731442950771,1.0296937895896778,0.3323775785507608,-0.37079545070669795
161.24872390000002,-0.0641154477007391,-0.5526835811015277,10.221985370884076,-0.7354291926757237,-0.2594069180546126,0.565506661776837
161.74892390000002,-0.0327385480952297,-0.1524199921643302,9.134775845549491,-0.3903148654321968,0.22377131027080832,-0.4298098221816815
162.24892390000002,0.1658544655016737,-0.8516246368638938,9.245953507042053,-1.0752693496172436,-0.041998005612727596,-0.39996324845049713
162.74872390000002,-0.3469008066296691,-1.7829331049815265,9.54605074850936,-1.5339101490116973,-1.044319470078539,-0.3270791951581984
163.24892390000002,0.2136998686458933,-1.1750389077144632,9.563811979963742,-1.3761640756786964,-0.2560551471751822,-0.1324527141262184
163.74892390000002,-1.1997356057517654,-0.4214112302085669,9.834615592558835,0.05626602856515303,-1.0029546775935945,0.03893632023691751
164.24872390000002,0.3573927055879378,-0.3415403797559345,9.092843045076483,-0.7717088967136447,0.4338041511731223,-0.44214167135756277
164.74892390000002,-1.8208383353567348,0.7985586275480617,10.141560202887929,1.394720195172005,-0.8626738856045093,0.43538529760881595
165.24892390000002,-2.351277882481957,2.00835279192042,9.202178621732577,2.7185734747129624,-0.393288849341046,-0.37362395468583465
165.74872390000002,-2.239907198713302,2.571090713110853,9.114908607606033,3.10945150337388,0.035161716092402706,-0.3552410222650142
166.24892390000002,-1.513688241429516,2.834863003379261,9.33547436569407,2.8843595235399526,0.7151863344966232,0.008790800040918256
166.74892390000002,-0.6738362633856805,2.4668537873987173,9.035007709079515,2.102792991515712,1.2340605029345777,-0.21700931766345732
167.24892390000002,-2.3804970727065062,2.572894314136862,8.665132613455402,3.2110362873313374,0.01965551176935776,-0.8151402502009653
167.74872390000002,-1.8133710676151555,1.050862031366742,9.535533323326415,1.6165355825410326,-0.5846003530882582,-0.11638856083080107
168.24872390000002,-4.217301594923156,1.4127110105361071,8.92316928007316,3.352221486189962,-2.154391621838783,-1.01525240021234
168.74892390000002,-0.638687860085938,1.309548826880628,9.788512773252055,1.1210333336772405,0.4412324085806387,0.3450686579519804
169.24892390000002,-2.506903092800735,1.5907930509642156,9.449761664798691,2.464756134656932,-0.8076578016180553,-0.2195206262214935
169.74892390000002,-0.429711487683215,-0.1567507448675788,9.841342971217856,-0.1859070326955831,-0.24256082087832942,0.20074164648140957
170.24892390000002,-1.0638095312085725,-0.1021783743836514,9.913911129021528,0.23012802610426486,-0.7294090048598778,0.18596715653368712
170.74872390000002,-2.534667846927968,0.990985684844724,8.586249774092675,2.0305902083385154,-0.990350897332438,-1.1599012537420705
171.24892390000002,-1.6233040797846023,-0.1551666191622717,9.67862861081431,0.5270582277778415,-1.1536317980409634,-0.13507372002982976
171.74892390000002,-2.8691617188396954,0.5851116811048278,8.527126788947005,1.9035293354446376,-1.4751201830627667,-1.330106009324398
172.24872390000002,-1.7145694586922,-0.6154320330102122,9.963806807476928,0.19936613071836462,-1.5493248992865216,0.058691817605069474
172.74892390000002,-2.285722354638251,-0.6997556478828507,9.778252960443131,0.4760574304477667,-2.0112015509157364,-0.22035695242560216
173.24892390000002,-1.1930864273298518,-0.3010673066282196,10.057216533669616,0.14087012059083504,-0.9758595360455113,0.27597229096035747
173.74892390000002,-0.715610724656099,0.4608831426850087,9.943274614050692,0.4768625598616748,-0.137624472104644,0.35346650514277655
174.24892390000002,-0.0004084127136652,0.6584753814087924,9.821006768075318,0.21794081028872878,0.5681849159133459,0.3707610521126057
174.74892390000002,-0.013108446347399,0.7261753729677162,9.000215212345502,0.3110712901852544,0.7700528114322254,-0.42234639593070256
175.24892390000002,-0.4941035501976094,0.5880855594149186,9.688923783801242,0.4580492180236699,0.1644003842773225,0.15759084993407768
175.74872390000002,0.1146881029110008,1.1346204249432774,9.14593528081706,0.5591029748318685,1.0741392384660953,-0.19783495937085505
176.24892390000002,-0.7872973298137547,1.1123687608620545,9.549528211999585,1.0590539773489358,0.26111499243392444,0.059071019439583594
176.74892390000002,0.1128630262563632,1.0320047570675508,9.723148078980923,0.45564865153965584,0.8922011782253121,0.34979965037409677
177.24892390000002,-2.773267430317765,0.6040576759193876,9.760249631651703,1.8154230258819637,-1.6485148956049271,-0.10850126049258968
177.74892390000002,-2.152585190735509,-0.0315362198669676,9.982366011478687,0.9280247119120961,-1.5666843444505338,0.1021874253506958
178.24892390000002,-1.3806384270290004,0.9659435585429827,9.678714551831924,1.2869079480463732,-0.32028543835630163,0.07453759735457055
178.74872390000002,-0.8956992374389057,1.0469986682062693,9.00259670596737,1.091168438196376,0.25322826228785766,-0.5013437874430906
179.24892390000002,-1.1217262645331043,-0.0387551990395698,9.221816798708794,0.34166730936201406,-0.5929975071396583,-0.4888085845839214
179.74892390000002,-1.5449994476752236,-0.4340996469431687,9.465342343320508,0.2641084564126942,-1.2060087838774334,-0.37494941782338387
180.2489239,-0.548933258086579,-0.3886019883673516,9.223561471717886,-0.2788503002800582,-0.33925489356356975,-0.45624740677077114
180.7487239,-1.5125966551250571,-1.3543632180062586,10.329563372299315,-0.5292331583980492,-1.8888571695071952,0.33154908364164903
181.2489239,-0.07104101848965,-0.5476609470050029,9.307178676418085,-0.692652260237776,-0.06895311153397898,-0.3282729308839105
181.7489239,-2.2738002807193776,-1.1135623514155015,10.414904799509216,0.11149642833578643,-2.3727022574521377,0.33921091909143364
182.2489239,0.352768854086744,-0.7512182960181363,10.380661175108564,-1.1478175409212126,-0.07588497914531223,0.7516305804989418
182.7489239,-1.7469861778366316,-0.8251496684123901,10.455114698743692,0.030953627035787905,-1.7986197909986443,0.5013034530930796
183.2489239,0.5320261560780604,-0.2510853307372521,8.905213435201121,-0.7949493436415473,0.6635747491196242,-0.5854915313886675
183.7489239,-1.2509445808368915,0.092462477284388,9.771573356480594,0.5029565092099311,-0.7364528784006255,0.049293705998584514
184.2489239,-0.8366207917092602,-0.5799895323230901,9.190728432983176,-0.26175933776397603,-0.6698350304215919,-0.5606312634300785
184.7489239,-0.7962989948381367,-0.3645270843036491,9.023313251455884,-0.105654075072114,-0.47934691149206987,-0.6848213609494049
185.2487239,-1.4081850923412889,-0.9808551428685726,9.573397017420058,-0.26138056088113326,-1.4329394276286957,-0.3337265070207778
185.7489239,-0.3094625883362329,-0.5457600154736247,9.246646407818572,-0.5478986641313801,-0.2441189404290265,-0.4224851532989291
186.2489239,-1.537967772794952,-0.8507227022697148,10.21004854111444,-0.10392217630352121,-1.5958021807300935,0.2889979421883204
186.7489239,-0.4322435144381936,-0.2510824339854764,9.55862106651876,-0.24971008954933166,-0.2388310672129097,-0.09037999991699941
187.2489239,-1.7070133261752936,-0.3218491327529386,9.856385199947413,0.43551015191504294,-1.3528125378210252,0.0003282221826879095
187.7487239,-0.1301730409656964,-0.2604234918315398,9.896036135758418,-0.44856426806962374,-0.07589315263606178,0.2825690675626671
188.2489239,-1.119494235645975,-0.2320792687961752,9.96666677341183,0.15638292449647578,-0.8589600012622252,0.20912716543926457
188.7489239,-0.7679695234506676,-0.1115146003711291,8.673857101585195,0.0946867604554587,-0.2384778761993065,-0.9827863490176174
189.2489239,-1.4700190530917114,0.1578549340811296,9.532936507165026,0.6941733855070396,-0.8223901817747086,-0.20618276994170515
189.7487239,-1.0502560296437256,-0.6649308943156107,8.908692512130507,-0.19324013411538998,-0.8282506558402072,-0.8809575328340511
190.2489239,-1.4613846307746576,-0.2814712249140106,9.689289711716174,0.3291794656636614,-1.0997190181998584,-0.1201798236897087
190.7489239,-1.694772822901189,-0.7616311367477476,9.449733563488186,0.08933392871733713,-1.5087189120262283,-0.4631141360106703
191.2489239,-0.4623833714033376,-0.8033112295676141,9.390407063651548,-0.6704628868848059,-0.5429501194675974,-0.34462336757616185
191.7489239,-0.9604893319272488,-0.2121299809945344,11.048639130293292,0.0375033936388008,-0.9498441847479713,1.292618022290954
192.2489239,-0.1189534845241844,-0.1312339495825693,9.65608600846718,-0.34202155817210433,0.05750578835322928,0.06985975095675734
192.7489239,-1.4520018612745005,-0.123879741030478,9.897991117829449,0.4427048075542273,-1.0462275359702602,0.10945041636432862
193.2489239,-0.42761502084562,0.2010752618181668,8.646388566777985,0.14640183038841795,0.21588006404655236,-0.9107270437970101
193.7487239,-0.6989774232368455,0.2822729383590504,9.72932801395639,0.33122277538075007,-0.18139958896626363,0.1193207987600271
194.2487239,-0.0427315092927199,-0.624332034390033,9.194884750894634,-0.766909032764695,-0.06664352578755084,-0.4456203092474933
194.7489239,0.3099896719075376,-0.419313434158208,9.748951096074611,-0.8311934044524132,0.21328258015917623,0.17963425309942593
195.2489239,-1.1030841129125732,-0.394139986840044,9.812252772624044,0.021955151028402925,-0.9060147915440897,0.0356576507334907
195.7489239,0.0420745963341643,0.3757430459475699,9.07296961352774,-0.006649313023317324,0.5980962099922356,-0.3973317516253019
196.2487239,-1.286625950254927,-0.7465048493027721,10.44132060928562,-0.17727628338245793,-1.3857567630657956,0.5683202285240831
196.7489239,1.011089043089199,-0.8260475098944556,9.76568194264082,-1.5739546045812856,0.533063543751209,0.2370693710189542
197.2489239,0.1612019719155884,-0.6642023696333708,9.551308546249594,-0.9330723042252398,-0.002978068865581829,-0.07339335281118586
197.7489239,-0.075035450496268,-0.636726216868342,10.41380694501492,-0.8039513244742105,-0.35659886380364547,0.7382387390671621
198.2489239,-0.626174268561885,-0.6337217089111191,9.70210388956645,-0.44880788187792026,-0.6416341168345392,-0.038235537835806355
198.7489239,0.5041752106931617,-1.0581921170900397,8.58263157462528,-1.4165686416433467,0.24812907498603964,-1.0296203828536115
199.2489239,-0.2860170517170416,-0.8002566727242075,9.9312377780529,-0.7927282399838269,-0.5155190680488388,0.21027391258180295
199.7487239,-0.6440353595948695,-0.9404098802665696,9.2622489439443,-0.6686987396210089,-0.7383046844369288,-0.5179769663688685
200.2489239,0.2681674051490841,-0.4951324487607778,9.510689666478012,-0.858539627799666,0.187062489190724,-0.07102652305788126
200.7489239,-0.7716223732352647,-0.8171793345045468,10.439888342412418,-0.5385820542388555,-1.0175499701894442,0.6324101358071719
201.2489239,0.0093114327919712,0.1324004896407714,9.031225455532116,-0.181766588348359,0.4418047249533652,-0.4806294761384091
201.7489239,-0.9689606714626507,-0.2032825425293037,10.68796878938519,0.06329497602251852,-0.8753815028477754,0.9404486896481732
202.2489239,0.2296367069173807,-0.0810119932899306,9.75185996447614,-0.5112337175172783,0.3423790984875932,0.22291026358434252
202.7489239,-1.3617522746913968,-0.2046541357260792,9.9548559757086,0.3221247003164839,-1.032857402791942,0.16588427194594146
203.2489239,-0.2978943938442276,-0.2795790860014,9.021892987774486,-0.33176182761915624,-0.03532892284972844,-0.5990971761675343
203.7489239,-0.5511041527441637,0.1829269782146061,9.525025886867896,0.17150650670590922,-0.07784130642076281,-0.073660751376039
204.2489239,-0.5612199783549463,-0.3352166800282798,9.174794949772073,-0.22672808894692714,-0.30818191498541836,-0.497440529887724
204.7489239,0.1737389748549079,-0.6617299803487043,9.449186430904287,-0.9346242947645456,0.029928418305145588,-0.170897045159343
205.2489239,-1.2389709696625686,-0.83968771117473,10.446901724865384,-0.2807348163172522,-1.4024276621711316,0.5664215818953107
205.7489239,0.1938886081996324,-0.6110205247349518,9.512927832366303,-0.9080908402279548,0.0614429281154365,-0.0977996147347131
206.2489239,-1.1001933935748762,-0.3984088861540491,10.087473666648124,0.006386527315716102,-0.9642498881356332,0.3042454608584535
206.7489239,0.2003497156994241,0.0831974749565446,9.712163446993806,-0.3601137785145318,0.42142088039018666,0.20520570015891337
207.2489239,-0.8993422459845404,-0.3886180534579141,10.360531688945986,-0.11478579752807999,-0.8570408343786706,0.6022743418732723
207.7489239,-0.3700242550330081,-0.6146827604504711,8.944236898858602,-0.556182912812202,-0.26771475525077015,-0.7375155964379019
208.2485239,-0.6565501735718775,-0.7063375243982932,8.988592976084055,-0.46234523240802244,-0.556644803180403,-0.7508975423146129
208.7489239,-0.5437793871403198,-1.628982115896618,8.650195167113315,-1.2595768756582009,-0.9233194383887788,-1.207487936984851
209.2489239,-1.1634672837480828,-0.4585467792340174,9.612662072507607,0.013311019685523146,-0.9485874427382481,-0.17822002029185846
209.7489239,-1.026081710206657,-0.9349625644277268,10.183979212963893,-0.4733821710754958,-1.2326230401465437,0.3264616503184019
210.2489239,0.4803234079893987,-0.251448405093487,9.324974975330273,-0.780573604355036,0.5337835036715566,-0.18322218470722973
210.7489239,-1.0511735928824382,-1.1642096511086208,11.148968897366752,-0.6797940329521055,-1.5872482642022199,1.229802125483726
211.2489239,0.4180281385663555,-0.3290612185301916,9.34371342688238,-0.8069941381685601,0.4360655093507846,-0.18617649470363773
211.7487239,-0.7033271894375898,-0.8313098599140432,10.749322618181091,-0.6020520352645162,-1.0367893613248862,0.9425953743923277
212.2487239,0.933369373956182,-0.3352711078106726,9.238100834435144,-1.1126151282009937,0.8633839112079178,-0.2138164148785382
212.7489239,-0.3971417817470176,-0.4749366061320541,9.398021745367274,-0.4447399344469711,-0.3050902477814468,-0.27668095152288785
213.2489239,-0.1019278311739421,-0.9060486631706716,9.232547965532245,-0.9603267357410596,-0.2825908300296227,-0.461219513027201
213.7489239,0.1008228882462504,-0.4624251867946941,9.454250119886511,-0.7311333509436524,0.0849979003408099,-0.14592535524371542
214.2489239,-0.6188122115916653,-1.0677863246322683,9.7016046338682,-0.8028716677245762,-0.8838593070628877,-0.10481130317881693
214.7489239,0.5998383413477008,-0.1189657726457477,9.369445254284132,-0.7461593533042958,0.69489732774046,-0.10154557897053529
215.2489239,-1.1699700376367423,-0.6452985915929319,10.300879133212929,-0.1593706831590584,-1.2057650309756425,0.46412098375851407
215.7485239,0.7665675820952054,-0.5554059069740283,9.801057216332824,-1.2126990983101198,0.48646681738072806,0.27722203453057936
216.2489239,-1.123222707162301,-1.2183114950102385,10.751403313753192,-0.6657439137304375,-1.5913951396537787,0.8224179392050939
216.7489239,0.5755810829633075,-0.7973501077787168,9.197817814270651,-1.2719051063298694,0.3240357931457236,-0.377775237474685
217.2489239,-0.5810174029866005,-0.5535258874469886,9.519436624114665,-0.40396905910970266,-0.5214294837553481,-0.19754080553145315
217.7489239,-0.5615009064836596,-1.1592659634986946,9.073576498028013,-0.8866759664235415,-0.7581752180989914,-0.7238854495684937
218.2489239,-0.3941633661136145,-0.1734460281587401,9.514552164981332,-0.20799801484832553,-0.15495202409408382,-0.11575688385571503
218.7487239,-0.6890019814081146,-0.4656898974769604,9.687163346436488,-0.2757197498410733,-0.5922239696926161,-0.03614582690848955
219.2489239,0.8349557737843405,-0.8112454529767495,9.430064931647896,-1.4452095329975327,0.47271536741999887,-0.11458900250459436
219.7489239,-1.353220873623973,-1.22143265209978,10.623705882401346,-0.5274727060659754,-1.7485784682887267,0.6630755201779639
220.2489239,0.4614217037441384,-0.5155094879313753,9.404352197504076,-0.9851634036268877,0.35107336104333564,-0.14936526358906832
220.7489239,-0.9720933582530692,-0.5679974516571729,10.49344413745314,-0.2213433256162638,-1.0453282910552697,0.6935362653068537
221.2489239,0.347048642483849,-0.3097052450031266,9.640446067233226,-0.7606779867930211,0.3282306660453391,0.09611672717024966
221.7487239,-0.8218229597472245,-0.4463326965051574,10.18758790230074,-0.20056052924695367,-0.7920778650727902,0.4359244662570614
222.2489239,0.1144923449541132,-0.4500367722894307,8.31903456218457,-0.6862502358598364,0.34250936266229526,-1.2507909769654688
222.7489239,-0.4437862248288263,-0.0531201930622331,9.851422997146916,-0.09447279411181603,-0.19659852603440697,0.22453752602422306
223.2489239,-0.8041193409115014,-0.6574752577790584,9.238268570261765,-0.34520196050094704,-0.6984012097042576,-0.5213661552826423
223.7489239,0.0288949572430238,0.027068118058245,9.14020426060324,-0.2823360387523323,0.3741092243372406,-0.38758159744346443
224.2489239,-1.88113908884499,-0.7943468817896523,10.464433842177538,0.13471624995870243,-1.8893364585796095,0.4952647498179772
224.7489239,0.2972496535562841,-0.0986802579410494,9.645555692210646,-0.561410115255194,0.4083191990273898,0.12637784062852297
225.2489239,-1.3741709464637506,-0.6415671196275268,10.326800101240233,-0.03664320320326485,-1.3709993070353446,0.4597128876838177
225.7489239,0.3017267931298141,0.3376380205223032,9.440952020914164,-0.20476301503631267,0.704507027937896,-0.005273073225987801
226.2489239,-1.7725750750394895,-0.0163026876042744,9.954529484720211,0.7167299088731698,-1.2508158179387476,0.1337500761660202
226.7487239,-0.3655175090468773,0.2308301647735835,8.81997420326505,0.12709778820789758,0.24548885700429723,-0.7273582848679627
227.2489239,-0.9905163823194896,0.0505087269919522,9.740058794830825,0.31640892653563085,-0.5473120702132968,0.05066681168124809
227.7489239,-1.0008871527376164,-0.5768205194338859,9.08152887077,-0.15797426246824786,-0.7752118613873868,-0.6911778299770628
228.2487239,-0.0416909153079756,-0.1706187451258952,9.345297173632748,-0.4076568739401143,0.16183759540958054,-0.22833019847147717
228.7489239,-1.437830008470678,-0.5136720099394517,10.18041125166971,0.10957462252788672,-1.317452998293731,0.32707627586449384
229.2489239,-0.2848535376649755,-0.0205621625586432,9.296606769788504,-0.14117845291280923,0.06511856177182818,-0.28874935080568775
229.7489239,-1.834533878454163,-0.0446829205853461,11.117057333828024,0.6864715529045047,-1.5615199478578847,1.255651456163898
230.2489239,0.442896133120279,0.0869580394445732,9.50608172151328,-0.4926494700445034,0.6593636429901453,0.040493477713329895
230.7487239,-1.4109950760291867,-0.1082471644394374,9.83141551365313,0.43358188794353225,-0.9907274489582356,0.05292822923479257
231.2489239,0.6710457246451527,0.4098185375120207,9.173936484529396,-0.3547996302293254,1.0949370356344088,-0.20009920101921885
231.7489239,-0.6352925698568793,1.1056219296549958,9.37164891330962,0.9705033932320719,0.41531385352640293,-0.09315748306130267
232.2489239,-0.4527061260033338,0.3683686540114844,9.23044358033576,0.27390983871023766,0.1683667869250307,-0.3180879480544725
232.7489239,-0.2764720746559897,0.3405232195187735,9.38363696274774,0.14150292398135522,0.2598387069648065,-0.14661399006835474
233.2489239,-1.3798005174575292,-0.0481958820135289,10.28236518161622,0.44645304928383667,-1.0268367843832782,0.5073127680809222
233.7489239,0.1360569886973991,0.2242114772689317,9.940498689092372,-0.21713917091435242,0.40287847306789026,0.4405138536300477
234.2487239,-0.1247093764194568,1.1948217034036055,9.805503184951288,0.7241422387647298,0.7795521252623987,0.4201825495209768
234.7489239,0.6404557613929319,1.652224187508657,9.99195571184009,0.6333310523897395,1.6083582669503937,0.7866426064188179
235.2487239,-0.5601309947709353,1.6959243468559004,9.324022370816294,1.4034925514075256,0.8224492288124012,-0.03716044058814383
235.7489239,0.2683264566202749,0.4145519579923246,8.940261121512924,-0.10409254364490264,0.8276726278111004,-0.48737099294460684
236.2489239,0.3800322304599095,0.4913898889657965,9.416893349310394,-0.12625845970353888,0.8595721656905984,0.006644816285149346
236.7489239,-0.6371096607141171,0.3151761323257725,9.601598645421662,0.3259995564061545,-0.08657943249005573,0.008836013796521769
237.2489239,0.0198554697969879,0.6844278802569833,9.404304004917629,0.2426503603044588,0.6870350881290286,-0.029225728489512548
237.7489239,-1.2157168434818124,0.0899821879767169,11.241241817860022,0.4244904628905937,-1.020119739873126,1.4896230860241868
238.2489239,0.1645354142955606,0.6911078336546528,9.711237198829014,0.15089157224552624,0.7407817800314935,0.2930730638843446
238.7489239,-0.9390263723737238,0.6773517953588182,9.677955051287404,0.7933796323204472,-0.13499744223090904,0.09466592327215295
239.2489239,-0.1639604996560529,1.363499183384059,8.94214677642303,0.915937321960554,1.027084712448623,-0.4028115545997668
239.7489239,0.1335116516633676,1.653751931787632,9.232306969372312,0.962976640674766,1.3676367707097272,-0.03033219349659788
240.2487239,-0.7189883145228927,1.01510484951391,9.414585638215684,0.9454192851841523,0.28814400974525123,-0.0776494150242133
240.7489239,0.3068955493902968,1.0448952985114468,9.062643874477688,0.37635084272038216,1.1928078545325502,-0.2645521006080802
241.2489239,-1.3842278473571796,-0.0240139751540093,10.126736012867369,0.474446116068141,-0.9836753489200261,0.358389020022992
241.7489239,0.1548446776018381,0.5835408004443786,9.59749301589876,0.07425828608023786,0.6956055311563161,0.16388807191207455
242.2489239,-1.3164167392235284,-0.3080484351525908,10.73555670325573,0.18246208893267568,-1.2207970121056655,0.9191520703783027
242.7489239,-0.2376628146483394,0.2426106334185893,9.359969874687238,0.040569666214986456,0.23962345008542885,-0.1791252973690387
243.2489239,-1.1698116253873647,-0.114289930548788,10.23281448238592,0.27095271686481426,-0.8876809856526187,0.47984775689773507
243.7489239,-0.2610844275763754,-0.2222960705074713,8.41225038893148,-0.2842841409118063,0.15527268376683967,-1.180231680929447
244.2489239,-0.2421449056890348,-0.1349250863113755,9.47246524966264,-0.2652252942222014,-0.003520830996699864,-0.12834322424032862
244.7489239,-0.7720991335468673,-0.5308355732988798,8.930271668464705,-0.2504324994435963,-0.535607180066541,-0.797847344600676
245.2489239,0.0567838220001778,-0.3779441697164331,9.87808349177052,-0.6530818641249485,0.008931139026731927,0.27458983110934376
245.7489239,-1.2668756893512754,-0.6366342636107339,10.595387226539128,-0.10625983566677377,-1.339798181372268,0.7387391649149002
246.2489239,0.2477015050390018,0.0975153401557552,9.71648075798591,-0.3767306364872819,0.4662376406759967,0.21866565633725088
246.7487239,-1.2571237963350557,-0.4716404598935964,10.38377060198672,0.02892555788342966,-1.1930723884954704,0.5590280034786783
247.2487239,0.2301538707348322,0.5751745407292141,9.637730996818052,0.02147901063552641,0.7420374525447753,0.21307128795304386
247.7487239,0.3128423633385209,1.98288074384807,8.977937971716113,1.1317888286445879,1.7516738475961189,-0.20123226610117229
248.2489239,-0.5369176593437383,1.9198075648254704,9.454496099205326,1.565216592261764,0.9413171599133752,0.1283741406791883
248.7489239,0.2847230927492121,1.6460140627625992,8.996946115403457,0.8762728630649648,1.5327717338510014,-0.23897640024525302
249.2489239,-1.0199099028786105,1.324166317809954,9.135176476171944,1.3828864251818545,0.2852335478129302,-0.34738318004333557
249.7489239,-0.1448187453757171,0.3147378134117172,9.806120302219163,0.026911430263648166,0.26030884254726905,0.28158949771483677
250.2489239,-1.0784595721803978,-0.136846667027091,11.30219965505362,0.1582915075376839,-1.0538478650525098,1.5344257158987062
250.7489239,0.7404423532191626,0.7221356342079734,9.218705012082792,-0.14587716641424495,1.319069152264697,-0.09773572895231908
251.2489239,-1.0115042321040075,-0.0145945440139085,10.744662681760635,0.23832392800477872,-0.8131983788090111,1.0187138659479853
251.7489239,0.7322892892140495,0.3064911237018521,9.099635916943225,-0.471439426798723,1.1000989582460692,-0.2795750803828998
252.2489239,-0.8975776307700961,0.4578369368269007,9.762326646424665,0.5888192289207355,-0.24544553670010405,0.14925160960006245
252.7487239,0.1311372889414571,0.142558945291105,8.711761008466262,-0.2334970389580986,0.6116240623936635,-0.7730121355043487
253.2489239,0.156172584288021,0.3816783955441119,9.999877669120194,-0.1044046740179253,0.4963230632239306,0.5258682476954455
253.7489239,0.0182694952153231,0.0256638367729214,9.53762284447891,-0.29223389552795415,0.28100562240259963,-0.0012007555309541118
254.2487239,-0.1545401145603994,0.7481096974916683,9.321400957846746,0.40018302588277643,0.6026744590060176,-0.12622496783221493
254.7489239,-1.1733768639303104,0.3372721553861008,10.66931050198473,0.6203624048893748,-0.7244603265272787,0.9755509844993
255.2485239,-0.1712017046057492,0.1343959148761465,9.862683480570944,-0.10493890138254805,0.12434700980177293,0.30501008975852173
255.7487239,-0.8089892660542504,-0.229610830149489,10.11466315334776,-0.03077002261729131,-0.6426056641395945,0.40014269622016485
256.2489239,0.6387912124325507,-0.036269695608232,8.880182824529028,-0.684030565025235,0.8763206477414343,-0.5608486217645243
256.7489239,0.0116277778175469,-0.2576896627646936,9.776178741504587,-0.5256414878617055,0.06339035255716086,0.18696599043386364
257.2489239,-0.0242103386360921,-0.9988340187070008,9.286210803679518,-1.0830553064846948,-0.2853477591262683,-0.41163193079560934
257.7489239,0.1514606800302937,0.1091031314700444,9.476695174468146,-0.3014278425078841,0.44716749434060166,-0.028031563157615125
258.2489239,-0.3996751008837595,-0.7118475589365478,9.94774932740914,-0.65493827378673,-0.5585695187445419,0.22321758723573204
258.7487239,0.647543114698731,-0.3144005523036942,9.640335963705246,-0.9420780654067664,0.5638110120334106,0.13987627387952806
259.2489239,-0.9174377179702228,-1.0372915152738686,10.686632513047766,-0.6390803698674061,-1.31107775967262,0.8177090780131948
259.7489239,0.7470006572909215,-0.3163303403637857,9.972446045440185,-1.0149962765207377,0.5714678408806118,0.47872275934214237
260.2487239,-1.0698048987701845,-0.3392436985137254,10.091429068401618,0.03594433232818253,-0.9071652583588397,0.32177561927566245
260.7487239,-0.190513891556054,-0.1815510956466379,8.610361878260706,-0.30067032462390675,0.1927062408368263,-0.9699491625802246
261.2489239,-0.359527848474136,-0.0294106160747637,9.471738210678849,-0.11079888038401856,-0.036106601040336805,-0.1301425495662798
261.7489239,-0.5623685669576077,-0.9916501615083388,9.223952102839323,-0.756806586602488,-0.6947695495727975,-0.5511941127343114
262.2489239,-0.0635647266367294,-0.424484898811484,9.309679704869614,-0.5979217616101455,0.006869827641869275,-0.30565648871778706
262.7489239,-0.9211930890692832,-0.9813706710829208,10.325062162675504,-0.5781147022336093,-1.2057729159157429,0.4726461284710215
263.2487239,-0.2611382047349099,-1.633668663241691,9.455067573818928,-1.4608951703177624,-0.8717830070443884,-0.38011708103615227
263.7489239,-1.063631821042192,-1.8480988452716312,10.782558092890302,-1.2095745821533168,-1.9107927573989065,0.7642185716622301
264.2489239,-0.8597010928936584,-0.9387103177671698,9.212402400219114,-0.5379628640733254,-0.8977993508036568,-0.5984061724987768
264.7489239,-0.7357620694504026,-0.0221024192199354,9.859803738398174,0.1027871347764143,-0.4121212559358809,0.19419438328386285
265.2485239,-0.503463138447586,-0.3729660572988,8.56358349749167,-0.2681413473803383,-0.15497464801816108,-1.0917071222631218
265.7489239,-0.4982555966206453,-0.1179551017736892,9.478122644255585,-0.10038048519935011,-0.19806528939761758,-0.15819812571344904
266.2489239,-0.7881389090466461,-0.3638247721382697,9.059023950495387,-0.11126369096638086,-0.48001266737637893,-0.6486215923449876
266.7489239,-0.2128688973703503,-0.3021450131577023,9.223373755792958,-0.40783019721987407,-0.023342805859632776,-0.39317730790282646
267.2489239,-0.892232471043855,-1.0651342387181435,11.088841071149345,-0.6916407518958878,-1.3919002091689152,1.2099939028917568
267.7489239,0.3508226911351845,-0.3215976695068866,9.353636478629245,-0.7616314813888387,0.38495573382065973,-0.18530248122343274
268.2487239,-0.537288217601821,-0.4816297852577499,10.187464423834518,-0.3971825813222903,-0.5866440098913164,0.4725662319357511
268.7489239,0.3125147083413443,-0.5739345967276439,9.585065168746556,-0.9510609896817279,0.16147174622745952,-0.003996017820391273
269.2489239,0.1728964681525921,-0.4703308306929532,9.453534663176807,-0.7800783625161198,0.13777123327994145,-0.137151919375599
269.7489239,0.4712813681283279,-0.9971919519507868,8.687712002638923,-1.3519552163622481,0.2347477927649826,-0.9224244503897765
270.2489239,0.6145273773957408,-0.980557327587734,9.11399277618151,-1.4393645582779122,0.2678602833698702,-0.4822260886224736
270.7489239,-0.2115256598967801,-1.5921286724697998,9.754785692158151,-1.4680996437146934,-0.8719554976247839,-0.07357835312478223
271.2489239,0.3855012690713245,-0.6067970208523299,9.434768119279369,-1.0149901686071714,0.23227009701129742,-0.14505215435223917
271.7487239,-0.4812969899823849,-1.1847750781273874,10.535090268344648,-1.0099731116989021,-1.0176287153464636,0.7115892387173837
272.2489239,0.2922681999186687,-1.2708883682693644,9.71365406906934,-1.5055059034407277,-0.2801882973997518,0.010729114632182402
272.7487239,-1.0333561459617908,-0.9608964616297874,10.242065151869593,-0.4921767797136258,-1.2654768438595467,0.3781032130941959
273.2489239,1.1844341128334297,-0.7941130082340946,8.654286992958976,-1.608608542960758,0.9233185488704805,-0.8178084395891663
273.7489239,-0.3087256502604978,-1.2078923500487349,9.838072116657264,-1.1042147225070313,-0.7469174745040261,0.05281498131957996
274.2489239,0.5311615046142071,-2.2096087257524477,8.363025952062992,-2.35191542586499,-0.34242536990840833,-1.4183194143495053
274.7489239,0.2191307418835462,-1.0103580116940003,9.724119171914312,-1.2527584548454596,-0.19142986770989845,0.05041968316243839
275.2489239,-0.4878859748819426,-1.8660668734391528,9.846571515794542,-1.5289345267428263,-1.2670529107479895,-0.06733734199366026
275.7487239,0.4891243161840142,-0.8336892307526099,9.502947845346476,-1.261632538462994,0.1703152658263578,-0.09819677965854545
276.2489239,-0.1228043304465977,-1.4995659713150855,10.836615416159091,-1.486923923230103,-0.9770174143295649,1.010581468965789
276.7489239,1.4476425388991536,-1.0698846282407903,9.408602470852442,-2.01494247240331,0.8151310221956984,-0.0846585920146552
277.2489239,-0.3515968883063032,-1.8228944025446732,10.3307529246921,-1.5930420365129974,-1.2365037503994518,0.4324898182105912
277.7489239,0.9674946896337334,-1.0580038779691212,9.145773907351307,-1.7116051466175737,0.496717996742416,-0.41078981588036
278.2487239,-0.2495477703133554,-0.6698564474639369,9.677592795053371,-0.6996165731282404,-0.3585188156268213,-0.011877258627485787
278.7489239,1.0355248014426122,-1.6440599215244236,8.587502476058848,-2.2028724936700477,0.3334141172675671,-1.0366851825082346
279.2487239,0.0627397209960314,-0.1964634377102098,9.47957196230572,-0.4952927346478047,0.20151820510224328,-0.08568087341436481
279.7489239,-0.1210737551562042,-0.985743521484448,10.04754394249935,-1.0440781604225209,-0.5153418508990564,0.3196447136264595
280.2489239,0.5993902482916499,-0.801460463541253,9.26438363392698,-1.2918106975586794,0.32651350405660495,-0.30986052543731013
280.7489239,0.5277960210429488,-1.307711910331316,11.32440945811855,-1.735381202127503,-0.45446280933906946,1.6132733395029302
281.2487239,1.4722758646057486,-0.9269379507635456,9.34415373938702,-1.9118891482488656,0.9299900212333079,-0.12182867468136749
281.7489239,-0.904073066155336,-0.988787257120022,9.89555934516062,-0.5779480590706045,-1.105791882282304,0.05452588699748517
282.2489239,1.2127435449463773,-0.8312331192231841,8.413206814541075,-1.6461224680474127,0.9754212952762098,-1.0548252918465106
282.7487239,0.5666386133346648,-0.9649371158686184,9.623493146744538,-1.417763024139119,0.13129131524205917,0.010734602516958347
283.2489239,0.4175057087999648,-1.7343590367757276,8.857924846045403,-1.9205574825407876,-0.26527122590417473,-0.878243137464711
283.7487239,0.5326001238842588,-0.5009844678499848,9.523143941418423,-1.020031425449984,0.39073885240726747,-0.020525471703091824
284.2489239,0.0062888810850234,-1.2936391137185448,9.7480254821902,-1.3560964921752137,-0.5271832447469551,-0.001659794489237143
284.7489239,0.4246328384769211,-0.5437966335181942,9.73324499101306,-0.9986614838707917,0.23631946198827203,0.16204025549598455
285.2489239,-0.4378143443260968,-1.4065911178639867,10.063606870021784,-1.1965440275712862,-1.0104648513877081,0.22319425179031072
285.7487239,0.0185742245265462,-1.5056649057487654,10.768382890864546,-1.572822830020183,-0.854014244793051,0.9639727958262085
286.2487239,-1.2315076525206696,-0.3395504767365498,9.17775471973579,0.16587264750565747,-0.8427096800535927,-0.594691947763005
286.7489239,-0.3803547748291748,-0.5606702540060781,9.151707894857122,-0.5144133412700878,-0.288812042007208,-0.5280436602340579
287.2489239,-0.4580603694824672,-0.7201499630953638,9.18054262947208,-0.5980682820243801,-0.4476843835967328,-0.5360940600500488
287.7489239,-0.8121575615293781,-0.2963030616638927,8.966166050566152,-0.03914752078064809,-0.44085330877124473,-0.7324336992455827
288.2489239,-0.8878401337832602,0.3984875617953413,9.12857427565844,0.5592400995970805,-0.13790154208350724,-0.47750081276970846
288.7489239,-0.8424875847294055,-0.1369776518296386,9.916401286168474,0.07117296103631733,-0.5743592632384744,0.21585794941522707
289.2487239,-0.6122610065536405,-1.241080725999418,10.202564129580647,-0.9653367670803972,-1.0834719677162798,0.3586476069473079
289.7489239,-1.0914355374606846,0.1307654653535931,9.88234802233439,0.4353383128520421,-0.6114694752252658,0.1870914159246002
290.2489239,-0.4592835410456659,-0.7405925090954399,9.65177200637359,-0.631657781687428,-0.5597963001984665,-0.07917045247554988
290.7487239,-0.6065246980069872,-1.785314300110253,10.293227819306788,-1.4106556300874036,-1.40921316404632,0.36382219133400895
291.2489239,-0.3408783626570414,-0.680960020429491,8.080539055397304,-0.5941099455388215,-0.1002132773054063,-1.5870571893614533
291.7489239,0.2841217946420519,-0.7289836908957554,9.40487705660741,-1.0523806431730476,0.08834415032413512,-0.2082037978895066
292.2489239,-0.5994224131113763,-0.8011372087651076,9.5733632522142,-0.5946350730285359,-0.6889695883529372,-0.1859228647278659
292.7489239,-0.6775579709952321,-0.872941702571771,9.571550455338365,-0.6062345259666184,-0.7915880696892081,-0.21040218148590029
293.2489239,-1.6503608314230531,-0.4057308315795733,9.832087364900598,0.3353585568930883,-1.3507261222302405,-0.027979625354666027
293.7489239,-0.3496987031664724,-0.4859544312963634,9.373651261849904,-0.4807378403445543,-0.2686316098546002,-0.29514922526271725
294.2489239,-1.338949315118624,-0.4679210626298093,10.270695280090294,0.08457034850356676,-1.2319548407856975,0.4370153400255532
294.7487239,-0.9198235247632988,0.6047341436569189,9.13926185482861,0.7439160259302235,-0.04759743770543601,-0.4398871830305424
295.2489239,-0.9326604532577774,0.3299213997522354,9.682632997525705,0.5095108580374126,-0.3295737513610595,0.04640758916412935
295.7489239,-0.8555545226970929,-1.3125260845964968,8.860219816372165,-0.8282673242012137,-1.0339039023379932,-0.9996378579639185
296.2489239,-0.5879826424096435,-0.8918817544695079,9.170699321551716,-0.6592653532472688,-0.6467975072495764,-0.5915681832508675
296.7489239,-0.9774322438700732,-0.7422780508598231,9.259532502671384,-0.31188904915652854,-0.8887812394787002,-0.5394416931332433
297.2489239,0.0781295457461036,-1.5099469222971484,9.63204630835301,-1.5684518010111794,-0.5694173898480468,-0.13775835330505615
297.7489239,-0.5321430006515065,-1.1826785090750276,10.455290922248356,-0.9752076235194365,-1.0399004556093625,0.6264248185792933
298.2489239,-0.0748191256422101,-0.7287216438080705,9.564214139282589,-0.8460336732105143,-0.22971440867125725,-0.10579950171165109
298.7487239,-1.260372334575313,-0.5961002306982958,10.36059267348819,-0.06855539111762887,-1.2619134428530954,0.5166443068994138
299.2489239,-0.6063999602131439,-0.2604470589833573,9.85204806941972,-0.16542178917277464,-0.4441906102149895,0.16892775229137946
299.7489239,-0.1290667546136041,-0.0608676386949635,9.671835833422108,-0.2799449915094092,0.08639409068570547,0.09463309925009433
300.2489239,-0.6516473550578654,-0.9498102689397544,8.816957150310664,-0.6549136612013229,-0.6557338611747876,-0.9554962482506753
300.7489239,-0.0572353458211444,-0.5537075968900953,9.593489179067552,-0.7165249029306311,-0.12189137798353977,-0.04750879610842418
301.2489239,-0.6541642614148105,-0.7590729778894567,9.90446136210771,-0.5409217709606451,-0.7782006825901773,0.13586079062473289
301.7489239,0.1236000717865485,-0.5851788179944589,9.501413636746443,-0.8452866232770702,0.0229205151384142,-0.11547736602670255
302.2489239,-1.226028067317649,-0.1690776501978093,9.843404877897346,0.27478278110440485,-0.881388698135245,0.08267328596422985
302.7489239,0.307849233574652,-0.4684658663823235,9.159562986141994,-0.8472154539256318,0.3078760345193279,-0.40397028725528905
303.2489239,-0.9041433969633984,-0.8986421399785087,10.571672851179391,-0.5308745414335567,-1.1970050747921257,0.7288550777947655
303.7489239,0.1228809410984963,-0.6650337793480585,10.126643306172529,-0.9328741134598553,-0.1552618769402625,0.4827441132341015
304.2489239,-0.7805300391969903,-0.4223888220340502,9.877379913468834,-0.19393164960737963,-0.680179674074771,0.14276535663655743
304.7489239,0.5647254318362449,-0.8613282456216819,9.228686222303756,-1.318205055585995,0.272336035020599,-0.3591377589320288
305.2487239,0.263403278439583,0.4831831248659562,9.100989174408252,-0.051971020363400636,0.8290856241407514,-0.3204898017050102
305.7489239,-0.1517036976720616,1.0218857292749908,9.332861944862412,0.6186570863311167,0.7590301425995911,-0.07223700452221671
306.2489239,0.3831979313529936,0.9723525889898924,9.200812528010708,0.26756891495673524,1.1826670566821191,-0.12950125304310234
306.7489239,-0.8575334508209993,0.8877832484316889,9.499850206234123,0.9214999942519999,0.0875121733289781,-0.03463400858757559
307.2489239,-0.1824604439369961,1.1316498897877991,9.772988748106744,0.7086114679323545,0.7045103548468559,0.3700768583422622
307.7489239,-1.76704747281835,0.4540323340563394,9.96014001541272,1.092204636804201,-0.9787131971186538,0.21284468704066306
308.2489239,-0.3534342626040865,1.3980174050567782,9.771123826700512,1.024359539107686,0.7216405807406432,0.38410856179957165
308.7489239,-0.6365380729874741,0.4030417640128717,9.916599375890792,0.3845294999854227,-0.10237287334261769,0.33019402143135856
309.2489239,-1.109665505583308,1.531228883105325,9.030645369400396,1.6067311576084684,0.35451782260455444,-0.4307555464360693
309.7489239,-0.8246503874995958,1.604122850936524,9.148379628913428,1.4925336376259142,0.597314253164192,-0.26218116023560434
310.2489239,-1.6493589712494992,1.618695898827193,8.904055853410915,2.001008139257261,0.003356311431019332,-0.6209545897900295
310.7489239,0.8487825318424513,1.390599333829676,9.7763327124596,0.30755954537208197,1.6694557225262168,0.5664587937805621
311.2489239,-1.1593390095803056,1.2747790545291844,9.931049644815891,1.3953771666761206,-0.021518125800485066,0.40164356864434936
311.7487239,-0.2941576060027748,1.8297051354514715,9.76291906201017,1.3374478926663027,1.0171771356023376,0.4517041560436521
312.2489239,-1.2160619088169728,1.157960144928707,10.246362420601958,1.3228450970557137,-0.19982644909643632,0.6831245311123997
312.7489239,-0.2447202258610814,1.4620682675593315,9.59308551426407,1.0184465042591766,0.8820278546837894,0.23625777944295656
313.2489239,-1.149099987875125,1.355161797985696,9.820968632836392,1.4582581400301942,0.05578982831368773,0.3080833440281676
313.7489239,-1.2422947594844136,1.5682343438447186,8.698418150403636,1.7275223659773729,0.34063991828462203,-0.769210470923344
314.2489239,-0.2233216408538758,2.376871776047184,8.714985089518404,1.7761125869953471,1.6073392954188894,-0.47665815917148713
314.7487239,-1.0606577383887388,1.5451307843831348,9.493522859068534,1.5714382815700594,0.30362900675763016,0.030780298183444188
315.2489239,0.4225940895494156,0.9153529818925722,9.104438680725522,0.20200564272213886,1.2016532638990505,-0.2266089880586133
315.7489239,-0.7229810004865276,0.8871635927184468,9.746577716646923,0.832125659994184,0.14176267868852177,0.2262267230354844
316.2489239,-0.3913983421611902,0.8645526228883642,9.346877063401688,0.6330439242919348,0.4760827475152365,-0.1184694932955086
316.7489239,-1.457014235008363,0.105147588524713,10.712064491591802,0.5993751492651096,-1.0910728098373776,0.9392922114568805
317.2489239,0.4892915006570644,0.4409307674903152,9.6160901615277,-0.23903872614713956,0.8753062692767839,0.2096131156495531
317.7489239,-0.1493035920078574,0.3162022531326091,10.217068211245431,0.015182992718274294,0.17085843741427142,0.6825402567119472
318.2489239,0.3222098898279901,0.3765081274650327,8.993506958404959,-0.1686112053476921,0.8374046401106885,-0.43325531323479893
318.7489239,-0.6876088043993082,0.3154924882275714,10.098533165404854,0.3372893472980879,-0.2313155891871106,0.48676714514402164
319.2489239,-0.5219287632008968,-0.502777615160332,8.82992482143355,-0.37190132298552686,-0.3000440772905151,-0.8543920387895128
319.7489239,0.0589264747282695,0.0771451412721721,9.337343564079866,-0.2672040061164327,0.3849427491405628,-0.18282036673724278
320.2489239,-1.1193220710309126,0.0072014959977296,9.650213613462869,0.36105407132313544,-0.6552311896890113,-0.06290630579969836
320.7489239,-1.01024046275975,0.1525913248057432,9.1012094304142,0.43450506361879254,-0.3697550324751844,-0.560451186169292
321.2489239,-0.9663167166948868,1.2926534790879405,9.836121705349225,1.2992781979314365,0.1617702651864601,0.3403347745682712
321.7489239,0.1184240105740283,0.2926359974723598,10.161548732966995,-0.15995534333606354,0.3813654315223649,0.6643958709661835
322.2487239,-1.101399280505452,0.364786005469538,10.239016019947364,0.6162767851141708,-0.5608486430986122,0.5702046504951639
322.7489239,0.2388218716377873,0.2185456808755864,9.837752143966007,-0.27855792149582487,0.5027994358830774,0.354530638890056
323.2489239,-1.065478468001535,0.6904390178605108,9.694211675305922,0.8780540243104626,-0.23120134363183054,0.0938042955588223
323.7489239,-0.5110606703710977,-0.0009453055375912,8.677200564093402,0.03178927830197037,0.027717664363933636,-0.9242820977602477
324.2489239,-0.7570499152793404,0.1611366259256597,9.861988513604128,0.2629254521812527,-0.32469692002513995,0.2215293074271596
324.7489239,-1.5988154851393872,0.2988128718594918,9.728434687793934,0.8764740036731034,-0.8851748546446654,-0.012529034555484486
325.2489239,-1.3769892933576495,1.1340466026875966,8.73276706231101,1.4560090843153866,-0.021637462325096113,-0.8228490499068801
325.7489239,-2.106649623358259,1.0333780024585204,9.5484475869124,1.7753154136199185,-0.8298426276038882,-0.1500036283237165
326.2489239,-0.6832035065587051,1.632960832137947,9.91428594272344,1.4031612237775248,0.5642982402285994,0.5113651185056671
326.7489239,-0.9279868468680824,2.029655926350354,9.54128612008352,1.8815962358363822,0.6757512928509817,0.17211166538836764
327.2489239,-0.4244973201278589,1.5824176856154415,9.865260997714191,1.2113739168490407,0.7508585989724699,0.494050175894591
327.7489239,-0.9190107424172824,1.0425959812455552,9.969427609996057,1.0647942860812565,0.02817609999510351,0.4388587094953724
328.2489239,-0.4834418621790303,1.2514341397591224,9.346453642207775,0.999181565650473,0.6243885636517534,-0.07266436869695703
328.7489239,0.2207744064900851,0.7280501897590546,8.87114836973369,0.1792212893375483,0.9837944377718626,-0.5134125702070502
329.2489239,0.6783874597869213,-0.1367172688597173,8.866169257454708,-0.7878369794117437,0.8532426050321793,-0.5842064922953263
329.7489239,0.9390014674482632,-1.043901787684696,9.780920460010815,-1.707448636783786,0.34814042560633074,0.20753801367080982
330.0639239,3.845516837831911,-2.856236410935739,11.093163873483205,-4.935382938563077,1.3393999562087777,1.6400937185210687
