Time (s),Accelerometer_X,Accelerometer_Y,Accelerometer_Z
10.24892391,-0.8710436606120973,1.4886572810598215,9.809856772054975
10.74892391,0.1839637851227056,1.3813740642382057,9.304894148198033
11.24892391,-0.05514448223186447,0.5755675791425646,9.844577233628486
11.74892391,-0.12280743927862618,-0.5920941215552196,8.479964074399755
12.24892391,-0.3296437188227593,-0.05289254551509292,9.227300512839124
12.74892391,-1.206753704082859,-0.6774895382636511,9.586620252092537
13.24892391,0.05199607886018411,0.12663406880073735,9.374113132347212
13.74872391,0.07977041407028268,-0.7443725545267453,10.240653438814995
14.24892391,0.6099445758747184,-0.14139243010556438,8.904452502637811
14.74892391,-0.2505619061158574,-0.08921428221165688,10.314711721872586
15.24892391,-0.25762733725242876,0.5757335164995624,9.397805125237435
15.74892391,-0.4544103940555288,0.4300005757534929,10.203493920297317
16.248923910000002,0.17779659591432115,-0.22413213984128408,9.892773966007498
16.748723910000002,0.1706788987313417,0.44128303371793565,9.547761828546992
17.248923910000002,0.34598363555969547,0.16676528751466932,8.90731248981116
17.748923910000002,0.7503535512557462,0.9381468983289022,9.345658908464866
18.248923910000002,-0.25266894679083335,0.12340208449043684,9.018806259505306
18.748723910000002,0.1938920772297205,0.027949241600465538,9.646562393536186
19.248923910000002,-0.016673875699901565,-0.06874568078944333,10.194748374320115
19.748923910000002,0.012351881751066763,0.16630005069392248,9.473960037904254
20.248923910000002,-0.7781137360836315,-0.11081785385246802,10.576987992511933
20.74892391,0.3501007386128863,-0.13331149451924756,9.859874747006675
21.24892391,-1.8184148627384433,0.35353232393514306,10.30801816012876
21.74872391,0.854938374961009,0.6025094526763349,9.430512468470566
22.24892391,0.003499375541994548,0.6883801998321398,9.767910516889716
22.74892391,1.002445392494143,-0.05216526456675144,9.15953183670604
23.24892391,-1.1796567331330656,-0.2200646627281012,10.018472781220233
23.74892391,0.36892002303933635,-0.4967789674030265,8.701321317038266
24.24892391,0.16639244291846064,-0.21498601127826295,9.550305382122234
24.74892391,-0.4041743908211222,-0.5055111368002377,9.731931688415088
25.24892391,0.6005533883779879,0.38238463535143874,9.446202432316193
25.74892391,-2.11395619724843,0.8517066122051348,10.082620984613953
26.24892391,0.26202025555428976,1.9305069851954408,8.800798435198637
26.74892391,2.0300507067435247,1.28168240144918,9.881564978561768
27.24892391,1.2055283171551214,1.2757414373927518,9.60216094032138
27.74892391,1.6301102105593217,0.8476794493217493,8.706704617738827
28.24892391,1.3346105637652037,0.3513681390859513,9.727087049490745
28.74892391,1.2633584598870946,0.1982160986236624,9.186724025370012
29.24892391,1.4166128161284128,-0.7304070528803784,9.846076059591574
29.74892391,1.0752781104399924,0.4742482096479373,9.79599716635758
30.24892391,0.6413844411089407,0.2591598800114316,9.462698784402845
30.74892391,0.7345389713225902,1.0311004126750343,10.038090454866962
31.24892391,1.7947335426089703,0.9292736642646813,9.402457757805614
31.74892391,1.4744740147435687,0.9269618909738995,9.475686953047875
32.24892391,0.37140722718350294,1.172231260848556,9.722106418479052
32.74892391,-0.40638726179049606,0.173793137495921,9.769779519671028
33.24892391,0.34590917774337604,0.023318558648987017,9.690391348032229
33.74892391,0.5817257113801685,0.47771650701421847,9.613980153410054
34.24892391,0.9416000322992235,0.49194440774306814,9.621452265080826
34.74892391,1.0084935803224697,0.25490218867749415,9.643624237606028
35.24892391,1.0662178209047029,0.0678167528012284,9.67319037301837
35.748723909999995,0.9581848913715852,0.012368380937807757,9.64228086565764
36.24892391,1.0766044984486758,-0.08591435236275152,9.606568246269596
36.748723909999995,1.0827999675081026,-0.21417578447444613,9.728126377498489
37.24892391,1.1952693466393671,-0.1602844229045529,9.58650430311201
37.74892391,1.1203641943406966,-0.2171203460527115,9.584415480999615
38.248723909999995,1.3827338216214293,0.12933851437527985,9.688351454917614
38.74892391,0.0005600770038199049,0.4309895749785727,9.174106995817347
39.24892391,0.3401880803972226,-0.18137591033436185,9.836847980228114
39.74892391,2.627212938436773,0.9487520134633453,9.35955215256442
40.24892391,-0.2076452931664873,1.2139648943231387,9.607474703506146
40.74892391,1.0806357221410838,2.08537134848539,9.662527958008772
41.24892391,0.6973780122762233,2.2280654769581165,8.943929905080555
41.74892391,0.5801442634928623,1.525728575653529,9.293329205379939
42.24892391,-0.42100321928360657,1.8489845182472229,9.490510126820588
42.748723909999995,-0.8699575236696095,2.341013423901863,8.855602244349019
43.24892391,-0.9292234122846851,1.160987251469805,9.796345720039806
43.748723909999995,-0.9445103730110381,2.1325037956304964,9.053622497023161
44.24892391,-0.3054982931619111,1.447339179119332,9.641689564636385
44.74892391,-0.2565407332036408,1.318376599844962,9.671939104159035
45.24892391,-1.7492731001649893,1.8166047056422991,9.403028928364556
45.74892391,-1.1171667496365216,2.613004736737783,9.66193731400809
46.24852391,-0.35118558479122414,2.2514631797934266,8.56224694381969
46.74892391,-0.8155817003118205,1.8762026014032032,9.325394358800283
47.24892391,-0.5245822655296488,2.110250379332672,8.76988802430451
47.748723909999995,-1.7010372827009659,2.079680423601135,9.194933032205048
48.24892391,0.14069562533441357,1.7793324262216934,8.614546850746972
48.74892391,3.2224853882591216,-0.48991416559204715,9.216509654520992
49.24892391,4.208677577341236,0.5821400969690897,8.722319343983106
49.74892391,3.3259901566893775,-0.1524949848060564,9.564177688659141
50.248723909999995,2.286547022053733,0.023273455040870167,9.596314030921574
50.74892391,1.9166143897534627,0.08747267491703749,9.738164391569473
51.24892391,-1.4329683110400748,1.6815546428980883,9.965576416877987
51.74892391,0.7513252403798399,0.36993914477896617,8.67752103683817
52.24892391,1.3561987511162124,0.15032663516452643,9.606696164968703
52.74892391,0.9899055570664455,-0.035090307728083116,9.456294230886074
53.24852391,1.1272098069369567,-0.609714165343038,9.851988574961569
53.74892391,0.9661163736794299,0.4485416563900405,9.008202919282471
54.24892391,0.28873377500820047,-0.3844463598747708,10.057715113963024
54.748723909999995,0.4880015367046879,-0.13143817844500194,9.413218295594591
55.248723909999995,0.8034634015448409,-1.0612152694952146,10.445564099761164
55.74892391,2.8977371289465514,-0.1132217255146422,9.317142126708461
56.24892391,1.523349935921234,1.1448567491694681,9.50729034777716
56.748723909999995,1.8517212065496031,0.47684718310514995,9.01975833165438
57.24892391,3.106794437463926,-0.1413317950721502,9.114169056929539
57.74892391,2.966728215364499,-0.2016651865050432,9.016866095798315
58.24892391,2.1184791239896246,1.5335251351356094,8.76412506434717
58.74892391,0.889577694545195,2.72258983354254,9.234284146124184
59.24892391,0.9852952243810938,2.5423327979844066,9.235515653586724
59.74892391,1.2980291748723851,0.9052708641419003,10.106955797265027
60.24892391,1.1600183230218626,1.6223305542880215,9.083077036334176
60.74892391,-0.05303087213923776,1.079568324711213,11.127196467481072
61.24892391,-0.33084404346871515,1.3424793750862491,9.748554268245309
61.74892391,0.8206128112401094,1.0176444378374891,9.14305460746922
62.24892391,0.0849695251650307,0.7396007501125874,9.55510335021595
62.74892391,-0.32069875932118935,1.2795494425860499,9.39976718401002
63.24892391,-1.4502383654570778,0.0244060267008991,10.051921462603254
63.74892391,-0.9072791558281551,1.0900820532591522,9.3685461857183
64.24892391,-1.1406823004491762,0.6730694956885249,10.640981691618514
64.74892391,-0.6258596207869229,1.5609091275010032,8.993237354760792
65.24892391,0.3834415063143478,0.6354197399904666,9.380789688170715
65.74892391,-0.04247435779772328,0.7066472481154975,9.677744570204698
66.24892391,0.2886375070697562,0.34681251316105083,9.19136593411199
66.74892391,-0.10386842935900581,-0.324221127182555,9.424263851175816
67.24892391,-0.5761609327642662,0.40154629632095884,9.837132939998648
67.74892391,-1.4549000652816753,-0.01200876480407317,10.517573362620494
68.24892391,-0.8600104210085902,0.8274943863600835,10.76033834780589
68.74892391,-1.1847236521408862,1.1489091758479848,8.781653462947828
69.24872391,-1.033450858991836,0.32132736340693924,9.493376027523858
69.74892391,-0.5307766974126563,0.5074184516714689,9.530293876617474
70.24872391,-1.02766502348312,0.5172159456677815,9.604137058721886
70.74892391,0.011691302710132044,0.7229592234357416,9.886890819615472
71.24892391,-0.5884258469991228,0.4025861401172618,10.140697133182337
71.74872391,0.3240571160073534,0.5512746106301294,10.09550354932464
72.24892391,-0.29790733884702136,0.6933994650615977,9.979027324921443
72.74892391,-0.6952216791314194,0.9108280367815486,9.153271680492978
73.24872391,-0.20230058692167252,0.3581895058913747,9.334347805043057
73.74892391,-1.0694870442691267,-0.028245445936611015,9.30008746537368
74.24892391,-1.4973025617457139,1.0009900961639289,9.712565928925928
74.74892391,-1.4454733802057405,0.19402090815919415,10.263483164408397
75.24892391,-0.08424948357277612,0.3246530866005145,9.228516965645605
75.74892391,-0.7160338647871456,0.05572227539109684,9.794304299224871
76.24892391,-1.279428250249342,0.325042752710011,9.28609671794784
76.74892391,-1.2936675247588565,0.43007442074540697,8.814531035609857
77.24892391,-1.4376550167374669,0.1120053934779549,9.445405931978348
77.74892391,-0.5850037177964491,0.0797898825345062,9.942578661666644
78.24892391,-1.6830704566018562,0.21224638387715863,9.61717056202137
78.74892391,-0.9313153035357089,0.786294991159145,9.807752527475644
79.24892391,-0.9047277204188847,0.5833542122144142,10.431242811212126
79.74892391,-0.5789298119598085,0.9584423842746248,8.85595908938941
80.24892391,-0.9258918667808962,0.6177618467710032,9.490196574399317
80.74892391,-0.9704357945701938,0.06180817987215136,9.219699514131449
81.24872391,-0.7385672618625146,0.11015489318406704,9.272001160952392
81.74892391,-1.5165455667528394,-0.675853944163284,9.709703699745143
82.24892390999999,-0.7816121312645302,-0.21307513831363767,9.953368546469642
82.74892390999999,-1.305825945742027,-0.5240408913374384,10.13634487196069
83.24892390999999,-0.46186916316819343,0.4378328419157694,9.515773651881306
83.74872391000001,-0.9725150944477909,-0.4457239375223449,9.85881021237179
84.24892390999999,-0.9702872792372932,0.4010372840662548,8.966604070781123
84.74892390999999,-0.14768126344775934,0.4298631024934501,8.902377064684242
85.24892390999999,-1.022607053711172,-0.2210060269548768,9.696418658554467
85.74892390999999,-0.3838075509218314,0.8039986990979808,9.01405197440849
86.24892390999999,-0.4605453435490828,-0.5904860096351127,9.893761516801389
86.74852391,-0.2756403689345472,-0.2192614523599703,9.623680238066349
87.24892390999999,-0.9830327302961624,-0.4205959218402186,10.134242319385045
87.74892390999999,-0.0648519827247596,-0.10034152154214666,9.505656388744306
88.24892390999999,-0.6716261514479928,-0.7273327827339261,10.531862686478606
88.74872391000001,-0.35519001335777534,0.5055186195432616,8.961792802207869
89.24892390999999,0.48596755182823953,-0.022336652612865188,9.682902911767512
89.74892390999999,-0.5647191322258284,0.012887458712000553,9.69183709105293
90.24892390999999,-0.2986748702935438,0.1365379615167468,9.465160477732361
90.74892390999999,-0.267381494459485,-0.42267389098950064,10.366326425104033
91.24892390999999,-1.5516690601581107,1.6969538706386011,10.040714003399572
91.74892390999999,-0.9833006459761858,0.6844395186066065,9.760684097241796
92.24892390999999,-0.5267893667825622,0.6251400762371495,10.23369454538235
92.74872391000001,-0.3091817410248219,0.9433504752892372,9.207329924121641
93.24892390999999,-1.248960460804495,0.5818254601453883,8.56280205365605
93.74892390999999,0.0283683690118826,-0.057838118871706395,9.708005689040133
94.24892390999999,-0.9408446709891441,0.3906542333026124,9.456928100918653
94.74892390999999,-0.5356273346773486,1.0516928970737833,9.50047739454702
95.24892390999999,-0.06498057956712762,0.7250111681363421,10.23460825224581
95.74892390999999,-1.5079860796974558,1.7736278122738105,9.703404434555203
96.24892390999999,-1.141295497464448,1.7132724073305161,10.100136761706132
96.74892390999999,-2.4370589684463058,2.6157834857930227,8.46476008427422
97.24872391000001,-1.34134278990628,1.1205300935874727,9.28635049046454
97.74892390999999,-1.590338266600653,1.2228306874416282,9.546904392368923
98.24872391000001,-1.3962077548400194,0.5541016100710086,9.090325903274389
98.74872391000001,-0.8756995601594707,0.4198426202916837,9.671727078267482
99.24892390999999,-0.782208812694561,1.0145569080998331,9.579035764889571
99.74892390999999,-1.0293562115481714,-0.13660112675226443,10.02094129362109
100.24892390000001,-0.8984189293025949,0.2789231197864284,10.118877258920156
100.74892390000001,-1.178065089934752,0.1486601808740845,10.0331340429122
101.24892390000001,-0.34950137656961294,1.352297080780119,10.108634647574432
101.74892390000001,-1.130657434222609,1.043844165067446,10.054501340534888
102.24892390000001,-0.4467505416987443,1.7181953832106074,9.366814466249977
102.74892390000001,-0.5183013451278996,1.0007246773677998,9.223540029366974
103.24892390000001,-0.8327239451672638,0.6269086227067715,9.658848319479283
103.74892390000001,-0.12357944122009172,0.5644903678184595,9.062850388197823
104.24892390000001,-0.5085965543603209,0.9026800429834174,9.389635666083546
104.74892390000001,0.007909981035877383,1.3326755675878532,9.390160105754497
105.24892390000001,0.038405098828249704,0.5012960796745543,9.857237040294102
105.74892390000001,-0.20834900996194552,0.7252774876136894,9.649067641600118
106.24892390000001,-0.9756243331395363,0.3360961087666473,10.218091918329165
106.74892390000001,0.22322237310901516,0.9836373066984423,9.701520703224805
107.2487239,-0.7664933293836108,0.6039765480550063,9.83665490655834
107.74892390000001,-0.09469863403936879,0.5420584797070631,9.204946295252583
108.24892390000001,-0.10867480419518197,-0.007700234066188836,9.29897272722739
108.74892390000001,-0.41437902255433257,-0.3787666150094765,9.771723973396883
109.2487239,0.1892089145810868,-0.06728134893798628,9.239184336184136
109.74892390000001,-0.3086030776225175,-0.33838507239201326,10.607636458817595
110.24892390000001,-0.02588618575367241,0.5408699133255268,10.013394367384818
110.74892390000001,0.038786702008702656,0.3078678772428155,10.802416172757962
111.24892390000001,0.39083896718677374,1.2202591082070733,9.210956066316031
111.74892390000001,0.04702499918919356,0.5571993694601194,9.354958101967952
112.24892390000001,-0.21884858441190175,0.1042218867476781,9.876952595818793
112.74892390000001,-0.4017844995389538,0.46705796086089824,8.875658393547324
113.24892390000001,-1.0920248650345348,0.4461659889568825,10.268115660859998
113.7487239,-0.5330947655332355,1.3308191030919527,9.775443366385415
114.24892390000001,-0.8169503424762626,0.5142331099441215,9.945172157947804
114.74892390000001,0.49685878961940366,1.3349680201096175,9.86969615346739
115.24892390000001,0.22627258162077432,1.3533445282739964,9.389614028462203
115.74892390000001,0.37986040492626544,0.8982677525919149,9.339049643075867
116.24892390000001,0.2958432024265992,0.6850139112241039,9.335387835071234
116.74892390000001,0.2593180141825141,0.8527086459810508,9.60574275253838
117.24892390000001,0.34845262966825513,0.8509379594221387,9.287431745524488
117.74892390000001,-0.06907275965348784,0.6128405736735968,9.784111035332035
118.24892390000001,0.028087237185147745,0.6611132170799081,9.764943916601212
118.7487239,-0.3307918822285159,0.2980799493042015,10.189260184978956
119.2487239,-0.4612258446342195,1.5371870420433213,9.628877712079229
119.74892390000001,-0.2591345704340197,0.830220014686622,8.73910394443892
120.24892390000001,-0.4932314553985577,0.5900661556798635,9.810847667195937
120.74892390000001,0.9727023618446803,0.18909720203132088,9.448816683237009
121.24892390000001,-0.8308306077614221,0.5405539817601226,9.555628809421796
121.74892390000001,0.7372354116083639,0.6615741880591748,9.444285274846125
122.24892390000001,-0.9926702852335721,0.059580307674578246,10.05585021642405
122.74892390000001,0.36663344021860284,1.305542210035417,9.769308966760702
123.24892390000001,-1.5300783122204695,1.2213923665294963,9.62117731062408
123.74892390000001,-0.8673527341664795,1.00678585338841,9.56649769290002
124.24892390000001,0.25681268590877104,0.33575207876477214,9.184952574400668
124.75372782156863,-0.7973126581924783,1.6387951670146077,9.154354045559375
125.25371981836736,-0.8359729762919956,1.3280076970909087,9.465391468358014
125.74892390000001,-0.6879356864316439,0.21063212284476854,9.543210855319032
126.24892390000001,-0.23942955099232766,0.935840430598754,9.433433578025706
126.74892390000001,0.2924181929420855,0.6370215990374907,10.058680228965976
127.24892390000001,-0.49273262891700687,1.767371968697071,9.644519964065058
127.74892390000001,-0.6328617094152276,0.27899932636162306,9.957773773632203
128.24892390000002,-0.9053264262186649,0.28089261965298734,10.154307654164693
128.74892390000002,-1.4903587358000818,0.22533433746503675,8.789896444275781
129.24892390000002,-1.5787428232200211,-0.09344624683475289,10.10703465358891
129.74872390000002,0.2561342791722646,-0.42715795127154293,9.195877460940546
130.24892390000002,-1.366214241129135,-0.6026952495689029,9.523720962288566
130.74892390000002,-0.13529702639671085,-0.8323104966810301,9.226715380022023
131.24892390000002,-0.5631179667076753,-1.248829388011726,10.011260969687111
131.74872390000002,-0.36859744365661085,-0.8510701665984856,9.7621947590678
132.24872390000002,-1.1178027353452498,-0.9244987857377913,10.948440476122537
132.74892390000002,-0.4944208108731926,0.2391378421882702,8.956515286102887
133.24892390000002,0.10960227410813259,-0.3514748425377709,9.124506961561927
133.74892390000002,-1.006323310422492,0.1131823215872363,9.675093015159087
134.24892390000002,0.3503048704671754,0.2646815045061238,9.277748837517358
134.74892390000002,-0.9444945385964002,-0.26948880993254354,9.621107605738537
135.24892390000002,-0.5094522801804893,0.1816090230528387,9.847078051004463
135.74892390000002,-0.9013750143524726,0.10916161346467494,10.14062079328755
136.24872390000002,-2.160565383982938,1.5495186542359571,9.826947268962687
136.74872390000002,-1.7654855647846373,1.6848370225288531,9.056757556055363
137.24872390000002,-1.4516978569114563,1.3124215688319956,9.151320542304024
137.74892390000002,-0.9396503000869976,1.28514621222277,9.051643714191528
138.24892390000002,-0.4894233807230242,1.1150021701461785,9.29606642176758
138.74892390000002,-0.5433839787679583,1.447395143569206,9.673233618094146
139.24892390000002,-0.7236840547484731,1.347103323042468,10.090761575105642
139.74892390000002,-2.9306783170622324,1.7359994453923067,9.838820685906452
140.24872390000002,-1.6738313056243534,1.5286147163453483,8.506562491006928
140.74892390000002,-2.8516028041972605,0.9860096268588019,8.798263800600346
141.24892390000002,-1.3663329175746828,0.11945804667689557,8.98106799050535
141.74892390000002,-2.4175805998546718,0.04913829200093299,9.149559355735123
142.24892390000002,-3.3797115230720594,-0.058509218306702825,9.714543189459071
142.74872390000002,-1.8395625908075897,-1.0991010676990458,10.38666192476608
143.24892390000002,-1.9265345775790828,0.08501930679234944,9.705417110388556
143.74872390000002,-0.9994351784734539,0.3833835208646066,9.058283365611171
144.24892390000002,-1.109255283850326,-0.2643099180600255,9.372397990270011
144.74892390000002,0.06083398435530772,-0.4296044233516709,8.99447590863884
145.24892390000002,-0.9175954917546038,-0.8195584983810439,9.483109822877896
145.74892390000002,-1.0314748365168789,-0.19797524970360517,9.816736751032703
146.24872390000002,-1.1814615470399237,-0.22492749715761318,9.929756917563113
146.74872390000002,-0.13883999725152268,-0.018556535590616163,10.341683603707668
147.24892390000002,-1.9216152658496066,0.008024335149127032,9.341527327757479
147.74892390000002,-1.5867954926071455,-0.03055209262328997,9.35958496931164
148.24892390000002,0.09019430337866806,-1.7893802783087767,9.510607735839976
148.74892390000002,-0.972571773931546,-1.9059269779922476,9.513380706000865
149.24872390000002,-0.45860438713516394,-1.4632296927229882,9.152899232114965
149.74872390000002,-0.27976978569916694,-1.5513107019142833,9.614770623976467
150.24892390000002,-0.6040752667183685,0.040621757456141966,9.434864219618811
150.74892390000002,-0.7483136331051554,-2.228239222771228,10.032382122935548
151.24892390000002,-0.19266743985335189,-1.0762743208860406,10.113557199311906
151.74872390000002,-0.3002855470074888,-1.6762154613803293,9.49823704191784
152.24892390000002,-0.6373251967703049,-1.3640988603590218,9.684554806827851
152.74892390000002,-0.5616402344374474,-2.284906035332275,9.722070742471987
153.24892390000002,0.6180612799224999,-1.7661034758687366,9.314714567948107
153.74892390000002,-0.728536691596655,-1.8345784241482301,9.558032677337778
154.24892390000002,-0.4576562263576099,-2.5916177709257098,9.093104765103437
154.74892390000002,-0.3546242162672806,-2.5645647008218684,9.097154750663098
155.24892390000002,-0.9409916417373264,-2.0772070456511282,8.929057835757881
155.74892390000002,-0.13736285811632915,-2.222639912120675,8.822710542707302
156.24892390000002,-0.8890307861113061,-1.498397563810467,9.526603271251993
156.74892390000002,-1.5099508746253223,-1.4629652855397368,9.014842863892545
157.24892390000002,-0.8520669706543669,-2.9067677757162698,9.392617104590064
157.74892390000002,-0.2854075746303912,-1.8869873417679557,8.875723112386677
158.24892390000002,-0.9283780803640116,-2.8279452316319755,9.231015216103554
158.74892390000002,-0.6811650167262435,-1.103847794287494,9.431403841035893
159.24872390000002,-1.3496837775210373,-2.131346046553547,9.68802369933744
159.74892390000002,-0.5072490505178109,-1.3848941413987677,10.197354521275244
160.24892390000002,-0.9944114561822556,-0.467909889719064,9.451205300156369
160.74892390000002,-0.7772361579572986,1.0629249043677786,9.115731442950771
161.24872390000002,-0.06411544770073915,-0.5526835811015277,10.221985370884077
161.74892390000002,-0.032738548095229705,-0.15241999216433028,9.134775845549493
162.24892390000002,0.16585446550167376,-0.8516246368638938,9.245953507042053
162.74872390000002,-0.34690080662966916,-1.7829331049815265,9.54605074850936
163.24892390000002,0.2136998686458933,-1.1750389077144632,9.563811979963742
163.74892390000002,-1.1997356057517654,-0.4214112302085669,9.834615592558835
164.24872390000002,0.35739270558793784,-0.34154037975593454,9.092843045076485
164.74892390000002,-1.8208383353567348,0.7985586275480617,10.141560202887927
165.24892390000002,-2.351277882481957,2.00835279192042,9.202178621732577
165.74872390000002,-2.239907198713302,2.571090713110853,9.114908607606033
166.24892390000002,-1.5136882414295159,2.8348630033792612,9.33547436569407
166.74892390000002,-0.6738362633856805,2.4668537873987173,9.035007709079515
167.24892390000002,-2.3804970727065062,2.572894314136862,8.665132613455402
167.74872390000002,-1.8133710676151553,1.050862031366742,9.535533323326417
168.24872390000002,-4.217301594923156,1.4127110105361071,8.92316928007316
168.74892390000002,-0.638687860085938,1.3095488268806281,9.788512773252055
169.24892390000002,-2.506903092800735,1.5907930509642156,9.449761664798693
169.74892390000002,-0.429711487683215,-0.1567507448675788,9.841342971217856
170.24892390000002,-1.0638095312085725,-0.1021783743836514,9.913911129021528
170.74872390000002,-2.534667846927968,0.990985684844724,8.586249774092675
171.24892390000002,-1.6233040797846023,-0.15516661916227178,9.67862861081431
171.74892390000002,-2.8691617188396954,0.5851116811048278,8.527126788947005
172.24872390000002,-1.7145694586922,-0.6154320330102122,9.963806807476928
172.74892390000002,-2.285722354638251,-0.6997556478828507,9.778252960443133
173.24892390000002,-1.1930864273298518,-0.3010673066282196,10.057216533669616
173.74892390000002,-0.715610724656099,0.46088314268500874,9.943274614050692
174.24892390000002,-0.00040841271366529595,0.6584753814087924,9.821006768075318
174.74892390000002,-0.01310844634739905,0.7261753729677162,9.000215212345502
175.24892390000002,-0.4941035501976094,0.5880855594149186,9.688923783801242
175.74872390000002,0.11468810291100087,1.1346204249432774,9.14593528081706
176.24892390000002,-0.7872973298137547,1.1123687608620545,9.549528211999585
176.74892390000002,0.1128630262563632,1.0320047570675508,9.723148078980925
177.24892390000002,-2.773267430317765,0.6040576759193876,9.760249631651705
177.74892390000002,-2.152585190735509,-0.03153621986696766,9.982366011478689
178.24892390000002,-1.3806384270290004,0.9659435585429827,9.678714551831925
178.74872390000002,-0.8956992374389057,1.0469986682062693,9.00259670596737
179.24892390000002,-1.1217262645331045,-0.03875519903956986,9.221816798708794
179.74892390000002,-1.5449994476752236,-0.4340996469431687,9.465342343320508
180.24892390000002,-0.548933258086579,-0.38860198836735166,9.223561471717886
180.74872390000002,-1.5125966551250571,-1.3543632180062586,10.329563372299315
181.24892390000002,-0.07104101848965001,-0.5476609470050029,9.307178676418085
181.74892390000002,-2.2738002807193776,-1.1135623514155015,10.414904799509216
182.24892390000002,0.352768854086744,-0.7512182960181363,10.380661175108564
182.74892390000002,-1.7469861778366316,-0.8251496684123901,10.455114698743692
183.24892390000002,0.5320261560780604,-0.25108533073725214,8.905213435201121
183.74892390000002,-1.2509445808368915,0.092462477284388,9.771573356480594
184.24892390000002,-0.8366207917092602,-0.5799895323230901,9.190728432983175
184.74892390000002,-0.7962989948381367,-0.36452708430364916,9.023313251455885
185.24872390000002,-1.4081850923412889,-0.9808551428685726,9.573397017420058
185.74892390000002,-0.30946258833623297,-0.5457600154736247,9.246646407818572
186.24892390000002,-1.537967772794952,-0.8507227022697148,10.21004854111444
186.74892390000002,-0.43224351443819364,-0.2510824339854764,9.558621066518759
187.24892390000002,-1.7070133261752936,-0.3218491327529386,9.856385199947411
187.74872390000002,-0.13017304096569646,-0.2604234918315398,9.896036135758418
188.24892390000002,-1.119494235645975,-0.23207926879617521,9.96666677341183
188.74892390000002,-0.7679695234506676,-0.1115146003711291,8.673857101585195
189.24892390000002,-1.4700190530917114,0.15785493408112966,9.532936507165026
189.74872390000002,-1.0502560296437256,-0.6649308943156107,8.908692512130507
190.24892390000002,-1.4613846307746576,-0.2814712249140106,9.689289711716174
190.74892390000002,-1.694772822901189,-0.7616311367477476,9.449733563488186
191.24892390000002,-0.46238337140333763,-0.8033112295676141,9.390407063651548
191.74892390000002,-0.9604893319272487,-0.21212998099453448,11.048639130293292
192.24892390000002,-0.1189534845241844,-0.13123394958256931,9.65608600846718
192.74892390000002,-1.4520018612745003,-0.12387974103047802,9.897991117829447
193.24892390000002,-0.42761502084562003,0.20107526181816687,8.646388566777985
193.74872390000002,-0.6989774232368455,0.28227293835905043,9.72932801395639
194.24872390000002,-0.04273150929271992,-0.624332034390033,9.194884750894634
194.74892390000002,0.3099896719075376,-0.41931343415820804,9.748951096074613
195.24892390000002,-1.1030841129125732,-0.39413998684004403,9.812252772624044
195.74892390000002,0.04207459633416435,0.37574304594756996,9.072969613527741
196.24872390000002,-1.286625950254927,-0.7465048493027721,10.441320609285619
196.74892390000002,1.011089043089199,-0.8260475098944556,9.76568194264082
197.24892390000002,0.16120197191558844,-0.6642023696333708,9.551308546249594
197.74892390000002,-0.07503545049626802,-0.636726216868342,10.413806945014919
198.24892390000002,-0.626174268561885,-0.6337217089111191,9.70210388956645
198.74892390000002,0.5041752106931617,-1.0581921170900397,8.58263157462528
199.24892390000002,-0.28601705171704167,-0.8002566727242075,9.9312377780529
199.74872390000002,-0.6440353595948695,-0.9404098802665695,9.2622489439443
200.24892390000002,0.26816740514908416,-0.4951324487607778,9.510689666478012
200.74892390000002,-0.7716223732352647,-0.8171793345045468,10.439888342412418
201.24892390000002,0.009311432791971285,0.13240048964077142,9.031225455532116
201.74892390000002,-0.9689606714626509,-0.20328254252930378,10.68796878938519
202.24892390000002,0.2296367069173807,-0.08101199328993068,9.75185996447614
202.74892390000002,-1.3617522746913968,-0.20465413572607927,9.954855975708599
203.24892390000002,-0.2978943938442276,-0.2795790860014,9.021892987774486
203.74892390000002,-0.5511041527441637,0.18292697821460613,9.525025886867896
204.24892390000002,-0.5612199783549463,-0.33521668002827987,9.174794949772071
204.74892390000002,0.17373897485490797,-0.6617299803487043,9.449186430904287
205.24892390000002,-1.2389709696625686,-0.83968771117473,10.446901724865384
205.74892390000002,0.19388860819963244,-0.6110205247349518,9.512927832366305
206.24892390000002,-1.1001933935748762,-0.3984088861540491,10.087473666648124
206.74892390000002,0.20034971569942417,0.08319747495654467,9.712163446993806
207.24892390000002,-0.8993422459845404,-0.3886180534579141,10.360531688945986
207.74892390000002,-0.3700242550330081,-0.6146827604504711,8.944236898858602
208.2485239,-0.6565501735718775,-0.7063375243982932,8.988592976084055
208.74892390000002,-0.5437793871403198,-1.628982115896618,8.650195167113315
209.24892390000002,-1.1634672837480828,-0.45854677923401743,9.612662072507607
209.74892390000002,-1.026081710206657,-0.9349625644277268,10.183979212963893
210.24892390000002,0.4803234079893987,-0.25144840509348704,9.324974975330273
210.74892390000002,-1.0511735928824382,-1.1642096511086208,11.148968897366752
211.24892390000002,0.4180281385663555,-0.3290612185301916,9.34371342688238
211.74872390000002,-0.7033271894375898,-0.8313098599140432,10.749322618181093
212.24872390000002,0.933369373956182,-0.33527110781067265,9.238100834435143
212.74892390000002,-0.3971417817470176,-0.47493660613205413,9.398021745367274
213.24892390000002,-0.10192783117394212,-0.9060486631706717,9.232547965532243
213.74892390000002,0.10082288824625044,-0.4624251867946941,9.454250119886513
214.24892390000002,-0.6188122115916653,-1.0677863246322685,9.7016046338682
214.74892390000002,0.5998383413477008,-0.11896577264574779,9.369445254284132
215.24892390000002,-1.1699700376367423,-0.6452985915929319,10.300879133212929
215.7485239,0.7665675820952054,-0.5554059069740283,9.801057216332824
216.24892390000002,-1.1232227071623013,-1.2183114950102383,10.751403313753192
216.74892390000002,0.5755810829633075,-0.7973501077787168,9.197817814270651
217.24892390000002,-0.5810174029866005,-0.5535258874469886,9.519436624114665
217.74892390000002,-0.5615009064836596,-1.1592659634986946,9.073576498028013
218.24892390000002,-0.3941633661136145,-0.1734460281587401,9.514552164981332
218.74872390000002,-0.6890019814081146,-0.4656898974769604,9.687163346436488
219.24892390000002,0.8349557737843405,-0.8112454529767495,9.430064931647895
219.74892390000002,-1.353220873623973,-1.22143265209978,10.623705882401346
220.24892390000002,0.4614217037441384,-0.5155094879313753,9.404352197504075
220.74892390000002,-0.9720933582530691,-0.5679974516571729,10.493444137453139
221.24892390000002,0.34704864248384903,-0.3097052450031266,9.640446067233226
221.74872390000002,-0.8218229597472245,-0.44633269650515744,10.187587902300741
222.24892390000002,0.11449234495411321,-0.4500367722894307,8.31903456218457
222.74892390000002,-0.44378622482882635,-0.053120193062233124,9.851422997146916
223.24892390000002,-0.8041193409115014,-0.6574752577790584,9.238268570261765
223.74892390000002,0.02889495724302384,0.02706811805824504,9.140204260603241
224.24892390000002,-1.88113908884499,-0.7943468817896523,10.464433842177538
224.74892390000002,0.2972496535562841,-0.0986802579410494,9.645555692210646
225.24892390000002,-1.3741709464637506,-0.6415671196275268,10.326800101240233
225.74892390000002,0.30172679312981415,0.3376380205223032,9.440952020914164
226.24892390000002,-1.7725750750394895,-0.01630268760427448,9.954529484720213
226.74872390000002,-0.3655175090468773,0.23083016477358356,8.81997420326505
227.24892390000002,-0.9905163823194896,0.050508726991952295,9.740058794830823
227.74892390000002,-1.0008871527376164,-0.5768205194338859,9.08152887077
228.24872390000002,-0.041690915307975696,-0.17061874512589525,9.345297173632748
228.74892390000002,-1.4378300084706779,-0.5136720099394517,10.18041125166971
229.24892390000002,-0.28485353766497556,-0.020562162558643224,9.296606769788504
229.74892390000002,-1.834533878454163,-0.0446829205853461,11.117057333828024
230.24892390000002,0.442896133120279,0.08695803944457323,9.506081721513281
230.74872390000002,-1.4109950760291867,-0.1082471644394374,9.83141551365313
231.24892390000002,0.6710457246451527,0.40981853751202074,9.173936484529397
231.74892390000002,-0.6352925698568793,1.1056219296549958,9.37164891330962
232.24892390000002,-0.4527061260033338,0.3683686540114844,9.23044358033576
232.74892390000002,-0.2764720746559897,0.3405232195187735,9.383636962747739
233.24892390000002,-1.3798005174575292,-0.04819588201352899,10.282365181616221
233.74892390000002,0.1360569886973991,0.22421147726893176,9.940498689092372
234.24872390000002,-0.1247093764194568,1.1948217034036055,9.805503184951288
234.74892390000002,0.6404557613929319,1.652224187508657,9.99195571184009
235.24872390000002,-0.5601309947709353,1.6959243468559004,9.324022370816294
235.74892390000002,0.2683264566202749,0.41455195799232464,8.940261121512924
236.24892390000002,0.3800322304599095,0.4913898889657965,9.416893349310394
236.74892390000002,-0.6371096607141171,0.3151761323257725,9.601598645421662
237.24892390000002,0.019855469796987976,0.6844278802569833,9.404304004917627
237.74892390000002,-1.2157168434818124,0.08998218797671698,11.241241817860022
238.24892390000002,0.16453541429556068,0.6911078336546528,9.711237198829014
238.74892390000002,-0.9390263723737238,0.6773517953588182,9.677955051287405
239.24892390000002,-0.16396049965605294,1.363499183384059,8.94214677642303
239.74892390000002,0.13351165166336768,1.653751931787632,9.232306969372313
240.24872390000002,-0.7189883145228927,1.0151048495139101,9.414585638215684
240.74892390000002,0.30689554939029684,1.0448952985114468,9.062643874477688
241.24892390000002,-1.3842278473571796,-0.02401397515400932,10.126736012867367
241.74892390000002,0.15484467760183815,0.5835408004443786,9.597493015898761
242.24892390000002,-1.3164167392235284,-0.3080484351525908,10.73555670325573
242.74892390000002,-0.2376628146483394,0.24261063341858932,9.359969874687238
243.24892390000002,-1.1698116253873647,-0.11428993054878803,10.23281448238592
243.74892390000002,-0.26108442757637546,-0.2222960705074713,8.41225038893148
244.24892390000002,-0.24214490568903485,-0.13492508631137554,9.47246524966264
244.74892390000002,-0.7720991335468673,-0.5308355732988798,8.930271668464705
245.24892390000002,0.05678382200017785,-0.3779441697164331,9.878083491770521
245.74892390000002,-1.2668756893512754,-0.6366342636107339,10.595387226539128
246.24892390000002,0.24770150503900182,0.09751534015575525,9.71648075798591
246.74872390000002,-1.2571237963350557,-0.4716404598935964,10.38377060198672
247.24872390000002,0.2301538707348322,0.5751745407292141,9.637730996818052
247.74872390000002,0.31284236333852095,1.98288074384807,8.977937971716113
248.24892390000002,-0.5369176593437383,1.9198075648254704,9.454496099205326
248.74892390000002,0.28472309274921215,1.6460140627625992,8.996946115403457
249.24892390000002,-1.0199099028786103,1.324166317809954,9.135176476171944
249.74892390000002,-0.14481874537571715,0.31473781341171725,9.806120302219165
250.24892390000002,-1.0784595721803978,-0.13684666702709103,11.30219965505362
250.74892390000002,0.7404423532191626,0.7221356342079734,9.218705012082792
251.24892390000002,-1.0115042321040077,-0.014594544013908589,10.744662681760637
251.74892390000002,0.7322892892140495,0.3064911237018521,9.099635916943225
252.24892390000002,-0.8975776307700961,0.4578369368269007,9.762326646424663
252.74872390000002,0.1311372889414571,0.142558945291105,8.711761008466262
253.24892390000002,0.15617258428802103,0.3816783955441119,9.999877669120194
253.74892390000002,0.018269495215323117,0.025663836772921472,9.53762284447891
254.24872390000002,-0.15454011456039946,0.7481096974916683,9.321400957846746
254.74892390000002,-1.1733768639303104,0.33727215538610084,10.66931050198473
255.2485239,-0.1712017046057492,0.13439591487614655,9.862683480570945
255.74872390000002,-0.8089892660542504,-0.22961083014948905,10.114663153347761
256.2489239,0.6387912124325507,-0.036269695608232094,8.880182824529028
256.7489239,0.0116277778175469,-0.2576896627646936,9.776178741504589
257.2489239,-0.024210338636092132,-0.9988340187070007,9.286210803679518
257.7489239,0.15146068003029373,0.10910313147004447,9.476695174468146
258.2489239,-0.3996751008837595,-0.7118475589365478,9.94774932740914
258.7487239,0.647543114698731,-0.31440055230369424,9.640335963705246
259.2489239,-0.9174377179702227,-1.0372915152738686,10.686632513047766
259.7489239,0.7470006572909215,-0.31633034036378577,9.972446045440183
260.2487239,-1.0698048987701843,-0.3392436985137254,10.091429068401618
260.7487239,-0.190513891556054,-0.18155109564663793,8.610361878260706
261.2489239,-0.359527848474136,-0.0294106160747637,9.471738210678847
261.7489239,-0.5623685669576077,-0.9916501615083387,9.223952102839323
262.2489239,-0.06356472663672942,-0.42448489881148405,9.309679704869614
262.7489239,-0.9211930890692831,-0.9813706710829208,10.325062162675504
263.2487239,-0.2611382047349099,-1.633668663241691,9.455067573818928
263.7489239,-1.063631821042192,-1.8480988452716312,10.782558092890302
264.2489239,-0.8597010928936584,-0.9387103177671698,9.212402400219114
264.7489239,-0.7357620694504026,-0.02210241921993547,9.859803738398174
265.2485239,-0.503463138447586,-0.37296605729880006,8.56358349749167
265.7489239,-0.4982555966206453,-0.11795510177368923,9.478122644255583
266.2489239,-0.7881389090466461,-0.3638247721382697,9.059023950495387
266.7489239,-0.21286889737035036,-0.30214501315770237,9.223373755792958
267.2489239,-0.892232471043855,-1.0651342387181435,11.088841071149343
267.7489239,0.3508226911351845,-0.3215976695068866,9.353636478629245
268.2487239,-0.537288217601821,-0.48162978525774996,10.187464423834518
268.7489239,0.3125147083413443,-0.5739345967276439,9.585065168746555
269.2489239,0.1728964681525921,-0.4703308306929532,9.453534663176809
269.7489239,0.4712813681283279,-0.9971919519507868,8.687712002638923
270.2489239,0.6145273773957408,-0.9805573275877341,9.11399277618151
270.7489239,-0.21152565989678018,-1.5921286724697998,9.754785692158153
271.2489239,0.38550126907132454,-0.6067970208523299,9.434768119279367
271.7487239,-0.48129698998238496,-1.1847750781273874,10.535090268344648
272.2489239,0.2922681999186687,-1.2708883682693644,9.71365406906934
272.7487239,-1.0333561459617908,-0.9608964616297874,10.242065151869593
273.2489239,1.1844341128334297,-0.7941130082340946,8.654286992958976
273.7489239,-0.30872565026049786,-1.2078923500487349,9.838072116657264
274.2489239,0.5311615046142071,-2.2096087257524473,8.363025952062992
274.7489239,0.21913074188354628,-1.0103580116940005,9.724119171914312
275.2489239,-0.4878859748819426,-1.8660668734391528,9.846571515794542
275.7487239,0.4891243161840142,-0.8336892307526099,9.502947845346476
276.2489239,-0.12280433044659772,-1.4995659713150857,10.836615416159093
276.7489239,1.4476425388991536,-1.0698846282407903,9.408602470852442
277.2489239,-0.3515968883063032,-1.8228944025446734,10.330752924692101
277.7489239,0.9674946896337334,-1.0580038779691212,9.145773907351309
278.2487239,-0.24954777031335548,-0.6698564474639369,9.677592795053371
278.7489239,1.0355248014426122,-1.6440599215244236,8.587502476058848
279.2487239,0.0627397209960314,-0.19646343771020983,9.47957196230572
279.7489239,-0.12107375515620422,-0.985743521484448,10.04754394249935
280.2489239,0.5993902482916499,-0.801460463541253,9.26438363392698
280.7489239,0.5277960210429488,-1.307711910331316,11.32440945811855
281.2487239,1.4722758646057486,-0.9269379507635455,9.34415373938702
281.7489239,-0.904073066155336,-0.9887872571200219,9.895559345160619
282.2489239,1.2127435449463773,-0.8312331192231841,8.413206814541075
282.7487239,0.5666386133346648,-0.9649371158686183,9.623493146744538
283.2489239,0.4175057087999648,-1.7343590367757276,8.857924846045403
283.7487239,0.5326001238842588,-0.5009844678499848,9.523143941418425
284.2489239,0.0062888810850234966,-1.2936391137185448,9.748025482190199
284.7489239,0.4246328384769211,-0.5437966335181942,9.733244991013061
285.2489239,-0.4378143443260968,-1.4065911178639867,10.063606870021784
285.7487239,0.018574224526546227,-1.5056649057487654,10.768382890864546
286.2487239,-1.2315076525206696,-0.33955047673654987,9.17775471973579
286.7489239,-0.38035477482917485,-0.5606702540060781,9.151707894857122
287.2489239,-0.4580603694824672,-0.7201499630953638,9.180542629472079
287.7489239,-0.8121575615293781,-0.2963030616638927,8.966166050566152
288.2489239,-0.8878401337832602,0.3984875617953413,9.12857427565844
288.7489239,-0.8424875847294055,-0.1369776518296386,9.916401286168474
289.2487239,-0.6122610065536405,-1.2410807259994179,10.202564129580649
289.7489239,-1.0914355374606846,0.13076546535359315,9.88234802233439
290.2489239,-0.45928354104566593,-0.7405925090954399,9.65177200637359
290.7487239,-0.6065246980069872,-1.785314300110253,10.293227819306788
291.2489239,-0.3408783626570414,-0.680960020429491,8.080539055397304
291.7489239,0.2841217946420519,-0.7289836908957554,9.40487705660741
292.2489239,-0.5994224131113763,-0.8011372087651076,9.5733632522142
292.7489239,-0.6775579709952321,-0.872941702571771,9.571550455338365
293.2489239,-1.6503608314230531,-0.4057308315795733,9.832087364900598
293.7489239,-0.3496987031664724,-0.48595443129636345,9.373651261849904
294.2489239,-1.338949315118624,-0.46792106262980937,10.270695280090294
294.7487239,-0.9198235247632988,0.6047341436569189,9.13926185482861
295.2489239,-0.9326604532577774,0.3299213997522354,9.682632997525705
295.7489239,-0.8555545226970929,-1.3125260845964968,8.860219816372165
296.2489239,-0.5879826424096435,-0.8918817544695079,9.170699321551716
296.7489239,-0.9774322438700732,-0.7422780508598231,9.259532502671384
297.2489239,0.07812954574610369,-1.5099469222971484,9.63204630835301
297.7489239,-0.5321430006515065,-1.1826785090750276,10.455290922248356
298.2489239,-0.07481912564221012,-0.7287216438080705,9.564214139282587
298.7487239,-1.260372334575313,-0.5961002306982958,10.36059267348819
299.2489239,-0.6063999602131439,-0.2604470589833573,9.85204806941972
299.7489239,-0.12906675461360412,-0.06086763869496355,9.671835833422108
300.2489239,-0.6516473550578654,-0.9498102689397543,8.816957150310664
300.7489239,-0.05723534582114448,-0.5537075968900953,9.593489179067552
301.2489239,-0.6541642614148105,-0.7590729778894567,9.90446136210771
301.7489239,0.12360007178654855,-0.5851788179944589,9.501413636746445
302.2489239,-1.226028067317649,-0.16907765019780932,9.843404877897346
302.7489239,0.307849233574652,-0.4684658663823235,9.159562986141994
303.2489239,-0.9041433969633984,-0.8986421399785087,10.571672851179391
303.7489239,0.12288094109849634,-0.6650337793480585,10.126643306172529
304.2489239,-0.7805300391969903,-0.42238882203405026,9.877379913468834
304.7489239,0.5647254318362449,-0.8613282456216819,9.228686222303757
305.2487239,0.263403278439583,0.4831831248659562,9.100989174408253
305.7489239,-0.15170369767206168,1.0218857292749908,9.332861944862412
306.2489239,0.3831979313529936,0.9723525889898923,9.200812528010708
306.7489239,-0.8575334508209993,0.8877832484316889,9.499850206234125
307.2489239,-0.1824604439369961,1.1316498897877993,9.772988748106743
307.7489239,-1.76704747281835,0.4540323340563394,9.960140015412719
308.2489239,-0.3534342626040865,1.3980174050567782,9.771123826700512
308.7489239,-0.6365380729874741,0.4030417640128717,9.916599375890792
309.2489239,-1.109665505583308,1.531228883105325,9.030645369400395
309.7489239,-0.8246503874995958,1.604122850936524,9.148379628913428
310.2489239,-1.6493589712494992,1.618695898827193,8.904055853410915
310.7489239,0.8487825318424513,1.390599333829676,9.7763327124596
311.2489239,-1.1593390095803056,1.2747790545291844,9.931049644815893
311.7487239,-0.29415760600277485,1.8297051354514715,9.76291906201017
312.2489239,-1.2160619088169728,1.157960144928707,10.246362420601958
312.7489239,-0.24472022586108147,1.4620682675593317,9.59308551426407
313.2489239,-1.149099987875125,1.355161797985696,9.820968632836392
313.7489239,-1.2422947594844136,1.5682343438447186,8.698418150403636
314.2489239,-0.2233216408538758,2.3768717760471834,8.714985089518404
314.7487239,-1.0606577383887388,1.5451307843831348,9.493522859068534
315.2489239,0.42259408954941563,0.9153529818925722,9.104438680725522
315.7489239,-0.7229810004865276,0.8871635927184468,9.746577716646923
316.2489239,-0.3913983421611902,0.8645526228883642,9.346877063401688
316.7489239,-1.457014235008363,0.10514758852471301,10.712064491591802
317.2489239,0.48929150065706445,0.44093076749031523,9.616090161527701
317.7489239,-0.14930359200785748,0.3162022531326091,10.217068211245431
318.2489239,0.3222098898279901,0.37650812746503276,8.993506958404959
318.7489239,-0.6876088043993082,0.3154924882275714,10.098533165404854
319.2489239,-0.5219287632008968,-0.502777615160332,8.82992482143355
319.7489239,0.058926474728269555,0.07714514127217216,9.337343564079866
320.2489239,-1.1193220710309126,0.0072014959977296875,9.650213613462869
320.7489239,-1.01024046275975,0.15259132480574322,9.1012094304142
321.2489239,-0.9663167166948867,1.2926534790879405,9.836121705349223
321.7489239,0.11842401057402839,0.2926359974723598,10.161548732966995
322.2487239,-1.101399280505452,0.36478600546953804,10.239016019947364
322.7489239,0.2388218716377873,0.21854568087558643,9.837752143966007
323.2489239,-1.065478468001535,0.6904390178605108,9.694211675305922
323.7489239,-0.5110606703710977,-0.0009453055375912782,8.677200564093402
324.2489239,-0.7570499152793404,0.1611366259256597,9.861988513604127
324.7489239,-1.5988154851393872,0.29881287185949185,9.728434687793934
325.2489239,-1.3769892933576497,1.1340466026875966,8.73276706231101
325.7489239,-2.106649623358259,1.0333780024585204,9.5484475869124
326.2489239,-0.6832035065587051,1.632960832137947,9.91428594272344
326.7489239,-0.9279868468680823,2.029655926350354,9.54128612008352
327.2489239,-0.42449732012785896,1.5824176856154417,9.865260997714193
327.7489239,-0.9190107424172825,1.0425959812455552,9.969427609996057
328.2489239,-0.4834418621790303,1.2514341397591224,9.346453642207777
328.7489239,0.2207744064900851,0.7280501897590546,8.87114836973369
329.2489239,0.6783874597869213,-0.13671726885971736,8.866169257454708
329.7489239,0.9390014674482632,-1.0439017876846959,9.780920460010817
330.06392389999996,3.845516837831911,-2.856236410935739,11.093163873483203
