Time (s),Accelerometer_X,Accelerometer_Y,Accelerometer_Z,pca1,pca2
10.24629019,-8.73708875955641,-1.3545962670855405,4.875587324348309,8.215818581258475,-7.8232064869366
10.7475924428,-8.249252231180355,-1.6795165959071636,3.028019548338569,6.758945037812907,-8.622324939529491
11.2488947,-8.240927973384537,-6.2309072461867,1.5088432947382318,2.7590865577993617,-9.714183874535495
11.7501964096,-7.953175034208618,-4.795413577139376,1.0566118429766644,3.3795116774333906,-9.73323184966025
12.2514981,-5.84230399220322,-7.67110528115355,1.118109345715793,0.41746273382989507,-8.14687095988756
12.7527999328,2.379748591324406,-9.422096701832452,1.4351239791528838,-4.490809204562822,-1.631025177142161
13.254101659999998,3.48725461916028,-8.951337538513565,1.551129348743653,-4.619671985767555,-0.6855133568360712
13.750390535714285,3.656545021773481,-8.99637050476895,1.523290607093558,-4.7456186295067155,-0.5733359356817194
14.24667927,3.708341265495467,-8.886861626748761,1.6513596764879932,-4.624185407143919,-0.44897682591644505
14.747980975,3.277098548624537,-9.002157096857973,1.4273713844162697,-4.623522452584714,-0.9280292739296621
15.24928258,3.28614841115552,-9.060391798922137,1.579553797017932,-4.585879684451195,-0.8266596276065461
15.7505843272,3.0438040513130624,-9.173741347210957,1.907577597345032,-4.37333951245496,-0.810623903535356
16.25188606,3.1120441374226653,-9.053215172236374,1.6298617720518862,-4.471882715822979,-0.9295253463720559
16.7531877152,3.167282843303335,-9.13328559067218,1.575878915630566,-4.582884748506826,-0.9232766270402704
17.249476134285715,3.07716136500952,-9.161509913624814,1.5359738578178157,-4.58188275792045,-1.0191538453738898
17.7457650084,3.214649665679151,-9.081995334331872,1.4878559211986218,-4.617076394907505,-0.94062716890812
18.24706658,3.22161973415771,-9.108596022824011,1.4866092783176563,-4.639565979610783,-0.9368258655078909
18.7483679014,3.189979124972696,-9.112835214703331,1.4204705457942757,-4.663515755053689,-1.0032440530829332
19.24966889,3.1983317900787243,-9.08979241928444,1.6280971174643373,-4.538840195464916,-0.8649145703488559
19.7509707334,3.635181214545152,-8.948417682140704,1.500098602731294,-4.7147347088879155,-0.6030742787188497
20.2522724,3.5649862461125434,-8.98058061157521,1.4804678074331858,-4.714843223335503,-0.6708288713752792
20.7535730624,3.4818810542707617,-9.017701072307563,1.260234462724208,-4.821074506261395,-0.8754553180802951
21.24986083591837,3.340646126476258,-9.100179813547111,1.1994403321425435,-4.845219090071311,-1.0257741013540644
21.7461496734,3.520116785891789,-9.001018956136786,1.4304689736294245,-4.735126907127464,-0.7377922357885662
22.24745131,3.4852825644419325,-9.004400878750069,1.4729428320141664,-4.6981115297952165,-0.7380476909428948
22.7487518618,3.472521111587749,-9.022611080073196,1.4542556043084869,-4.714943087782089,-0.7602923274723086
23.250052420000003,3.4267506560766274,-9.03179387900325,1.3513530468087651,-4.755632170608788,-0.8610299646530004
23.7513533784,3.494279413553059,-9.018148719120456,1.3898752984743092,-4.756940678003582,-0.7839710416701884
24.25265418,3.5063647659133874,-9.011547110614297,1.4284405880880495,-4.737109539401214,-0.7500467988896742
24.7539547698,3.55061837647797,-8.98554509253014,1.329861713518979,-4.793188314308507,-0.7772473532273647
25.25024225,3.4541559168381224,-9.044989194893482,1.3469396845546289,-4.780086512455171,-0.8429913061732388
25.7465301576,3.493083728272923,-9.040294232745907,1.220748305791871,-4.863483462949521,-0.8924091495300543
26.24783038,3.4682062273458967,-9.05310789514712,1.2464913977278331,-4.846784477605537,-0.8958080931924086
26.7491310864,3.5127522926862618,-9.01758903605248,1.2233829374475542,-4.855461545530149,-0.8748176369131033
27.25043154,3.440397868760332,-9.062044576284922,1.2461638424656365,-4.840137641663686,-0.917828017954569
27.7517318586,3.4588335449722463,-9.044439531395632,1.1872406365345012,-4.868456646711117,-0.9402328905930211
28.25303213,3.503925913829186,-9.025439255775469,1.3001074807968296,-4.815205293921979,-0.8334270203427385
28.7543323416,3.512735060890342,-9.027169697672203,1.2927736235155418,-4.824521636665381,-0.8312888225471826
29.25061967,3.513220834907338,-9.029474065762257,1.2155648977662188,-4.868203367293974,-0.8797553868447339
29.74690667,3.479226990171422,-9.03168188788241,1.2446435226047994,-4.838024338715266,-0.8877858601435968
30.24820611,3.4708046522234697,-9.050535928456291,1.2763429343954893,-4.830031776125281,-0.8748597873907946
30.74950567,3.4875950153734907,-9.021993781205566,1.2921720524141986,-4.8094386678023735,-0.8509850263857035
31.25080567,3.470113115872687,-9.05111304592706,1.2262473233051716,-4.857261459763373,-0.9070583775383363
31.75210466,3.4456988714260546,-9.056624037196793,1.206353168754182,-4.86042517069008,-0.9387050123305243
32.25340438,3.5087691263011447,-9.115877385282776,1.3043410038320562,-4.878224177091877,-0.8297560255550187
32.74969032979592,3.226825916168928,-9.094395657658168,1.0148723108115985,-4.887794791895095,-1.2303561601396602
33.24597669,3.085439193038624,-9.12567408872005,0.9137780267695796,-4.898021738430243,-1.4046904102415665
33.747276207599995,3.122980678555426,-9.251067384313822,0.9011869485372574,-5.009874255464769,-1.3873837258488262
34.24857557,2.815458996352638,-9.337080474120896,1.097211736735496,-4.819227878787149,-1.5043862314156389
34.7498744324,2.8958335578416667,-8.704807315124809,2.7266338187888284,-3.5330770842159445,-0.3935625489163974
35.25117335,4.370976394153644,-8.168561203557912,1.9074313841801869,-4.295753177851969,0.2479516043387191
35.7524729676,4.049629168510615,-8.656888222523195,0.8305623693105427,-5.068963722763533,-0.6961011712620837
36.25377251,-3.745212557682976,-7.196970558824425,4.936396992345835,1.8330772605385088,-4.09598128153086
36.75005839020408,-2.925614114053974,-0.6862857123016857,8.283366595813254,7.800694652870753,-1.148501662687646
37.2463442,-9.172665209256644,-1.4542751178655866,3.5564863609820194,7.635845989155802,-8.996921508499266
37.74764269,-1.4654949510582649,1.369916917966797,9.0169048535324,8.946149771265555,0.50854047990049
38.2489412,-1.1443275189380535,4.268997478096606,8.959025844610629,10.784824869995337,0.8090718744936494
38.7502399776,-1.3335712188211,6.679606645089495,6.997995818135219,11.491090299344252,-0.502866998267891
39.25153878,-0.6505024103100054,6.096608576993488,7.706533078964259,11.148097375652322,0.4560712110814409
39.7528380308,-0.4989308196787364,4.747858933056618,8.552891338377929,10.59552951098476,1.0670384792526129
40.25413719,-0.5789074943824769,3.920560680601544,9.098383228281898,10.352061586573505,1.324472571519709
40.75042262918368,-0.5092134129713015,4.121253759809527,8.979509718112114,10.394809444215811,1.309479967391706
41.24670823,-1.3119129589211156,4.574479615848074,8.421684976569804,10.785187917157348,0.34912573522189483
41.74800682,-7.281164134029819,-0.0374920554473117,7.406329995628783,9.822145389489865,-5.05663624955125
42.24930543000001,-8.085002363040308,-4.180160235909925,2.0537548730943374,4.410712023757131,-9.186711333125906
42.75060439,-4.372724560642743,-8.576876673759473,1.2585047686565285,-0.8276556471287324,-6.947416525827798
43.25190339,-0.3184127464240625,-9.204156715611012,2.921151309856338,-2.2669004648790305,-2.7757014614573627
43.75320270500001,0.414324722850059,-9.086099251886909,4.174199066624874,-1.8494103475337433,-1.412966868153473
44.24948906367347,0.2753693594254391,-8.445993929868866,5.333620909399985,-0.7095851225280994,-0.7686994657646413
44.7457748768,-0.4581735331578145,-8.268410722614096,5.53354836866114,-0.13310215808876924,-1.20520945353999
45.24707373,-0.025146286938528,-8.73558216348666,4.606307073471349,-1.1645829768152445,-1.4697481940837553
45.748373095,-0.4222685557692198,-9.134086078884364,4.428144863788719,-1.3525095192233185,-1.9020492909982156
46.24967246,-0.0791246527849119,-9.007946961641634,4.294371479126717,-1.49816714737993,-1.7169068105911198
46.750971815,0.1947860596476558,-8.364826850351541,4.745052778504171,-0.9341867046090608,-1.2004457472064018
47.25227143,-0.3498543216592815,-9.120006021154676,4.078455521501624,-1.5662204403528812,-2.0664255373077944
47.75357030999999,1.1516468147511512,-8.647549227482616,4.552972686951478,-1.6845327530449388,-0.5891959406906588
48.24985608918367,0.7466367211486934,-8.032307433889816,5.234123611701588,-0.6963730209823176,-0.4538991231040863
48.746142250000005,0.904402732412006,-7.830309637069112,5.429815907734532,-0.5235621750664432,-0.2019192965089922
49.2474416,1.513300893414205,-8.298956584633899,5.308412063426432,-1.2018610335376927,0.17877581958076671
49.7487409368,0.8842172485626582,-7.267296274448041,6.424097405021152,0.417266787650139,0.4276817216785691
50.25004027,0.6724735897899669,-7.649001694815459,5.755992970956422,-0.11152072033522176,-0.17000645885033983
50.7513389508,1.5303608288558557,-7.564566705161419,6.176837066486037,-0.2272722287802149,0.7629448174433726
51.25263756,1.6839415031003466,-7.413068603034165,5.899161114417576,-0.3442650647432539,0.7111181530890978
51.75393675,0.3603616905100405,-7.786972718250607,6.220027549251467,0.19032542889992587,-0.12284591675954593
52.25022301020408,2.4839608258173462,-7.938443856563562,6.173513311698764,-0.9373204594778501,1.48812916149914
52.74650908,0.3870009243883066,-6.782990276608965,6.179620052820508,0.8557464638537962,-0.09715263276246633
53.24780811,2.1430940190101837,-7.431142873964019,5.614669812286898,-0.7265928160557249,0.8865212949848837
53.74910705,0.8392797003932791,-7.700896488897325,6.783824843037873,0.3310934569984201,0.6069033813137912
54.25040597,2.10347365099842,-6.983073431378367,6.040766534086863,-0.16472099842735144,1.138644696794601
54.7517046316,1.4199503557237407,-7.382575470399204,6.547489928149581,0.15230874190635602,0.9171039868774811
55.25300327,1.7199924763415009,-7.214076444111444,6.279918808722695,-0.016108101993333346,0.9856296830456204
55.7543023084,1.7239732682901847,-7.05222546567614,5.574010520163192,-0.2877634844086785,0.5477222094249852
56.250588331632656,0.4792503990503497,-7.950260899141971,6.407516013230846,0.12231645153297466,0.08270920199451037
56.7468744316,2.142570994691573,-7.193256364728807,5.290706899599693,-0.7361174700961195,0.6887157243304323
57.24817353,0.936953085011903,-8.004771125513013,7.114407161769996,0.2526048115948245,0.8821344278046501
57.74947221080001,1.3670714573691496,-7.344886716762362,5.725431520552664,-0.24215700989842803,0.35799799397640975
58.25077083,1.8140591432704156,-7.149349876143527,5.466068279693782,-0.4562570475408507,0.5463584985595533
58.75206985,0.3274742598434358,-8.33172441950925,6.372134952251705,-0.09151356552091938,-0.0688292875557881
59.25336888,1.803677954139314,-6.926020661216582,5.804901838634863,-0.1120629549773331,0.759160904502779
59.74965626795919,1.4935044312433452,-7.666936100900681,5.834034137336034,-0.46712848554620967,0.5147287114822081
60.24594381,0.5936228245020737,-7.963369888305744,6.338926034318099,0.022314502982114792,0.12757629029599826
60.7472411082,1.9196839795887424,-7.35876514965573,5.700496481883831,-0.5247511574284411,0.7698858626080076
61.248538280000005,1.5896718252817126,-7.38154593093105,6.075302110089147,-0.18257131464988507,0.7503237236431017
61.7498366816,0.9617804947611692,-7.615648942834382,5.996146983683016,-0.09391306949951961,0.20681606127611118
62.25113526,1.9303555155664816,-7.708555567958114,5.660581372209529,-0.7952164537645037,0.7422824930396601
62.7524335792,1.514163311564482,-7.467309452261281,6.207283471607636,-0.1353735142244572,0.7725935982701753
63.25373204,0.932311866452426,-7.535554681900384,5.7631783865547925,-0.15052014613054787,0.039263085636993544
63.75001756306122,1.9136096837687244,-7.757673357002148,5.622405524206194,-0.842284754265866,0.7036990462251564
64.24630299,1.306389984279965,-7.571308300225394,6.510224897940508,0.053861622096342376,0.7998489084438516
64.74760090640001,0.7687779114812605,-7.394275393679578,5.589759684705616,-0.06926941881974935,-0.19265750795183578
65.24889868999999,1.7125213419848495,-8.03303367204811,5.712211234150389,-0.8911557490658257,0.5962750367755927
65.7501966952,1.084074858045202,-7.377892219165635,6.401298426653324,0.23400223445812873,0.5647233874065849
66.25149463,0.9729162500788364,-7.491528604839125,5.718041842435192,-0.16335626968185535,0.04354429047621178
66.75279378500001,1.9157767380980573,-7.968810640644198,5.638226525386077,-0.9819004099435484,0.7089400844439453
67.25409302,0.8750798881673266,-7.421878416206242,6.256199744019201,0.22280317463724852,0.3098341303791097
67.75037708163265,1.2780874941100064,-7.813389195665457,5.18270823135543,-0.8211148028096202,-0.06803957243316106
68.24666087,1.8359607357334955,-8.69565874133425,4.483524433692319,-2.07693682250586,-0.10445186016412
68.7479592148,0.9204184984873984,-8.50484274722341,5.165761500291216,-1.1443827488952465,-0.3768638303348304
69.24925765,1.428997369784576,-7.73493510516441,4.850379389270164,-1.0173914078719482,-0.15868432054590986
69.750555185,2.06252112514758,-8.315323119021402,5.129702967147107,-1.5679432731849485,0.4908212941688763
70.25185268,1.1120976845050194,-7.55273718152514,6.357949163564107,0.07547653813094746,0.5537204609212472
70.7531505186,1.1156825299318274,-7.621665120372901,5.574388106347909,-0.39894576321244024,0.05942309476957419
71.24943537163264,1.6704271894567275,-8.142564888759878,5.522827058673834,-1.050391894521741,0.4406979576385375
71.74572021,1.1561427832021065,-7.44921870721274,6.117761719720516,-0.0032238472147243513,0.439265752979372
72.24701805,0.7473972361187029,-7.738921970550709,5.695571011306276,-0.2421190558001216,-0.15287710673266774
72.7483161596,1.8685448326690743,-8.031608057112397,5.651029290300004,-0.9965628384951275,0.6785280762852501
73.24961433,1.5609970925966437,-7.180393772813775,5.797034463087108,-0.17971979882815203,0.5584580454839587
73.7509119728,0.6445155879932228,-8.338339642886329,5.808497494201228,-0.5504428136319257,-0.1794948466815245
74.25220954000001,1.1371405130080796,-7.7789827756781245,5.379960705836502,-0.6240573441235036,-0.05156701110755346
74.7535068884,1.3910201418092285,-7.785676867854129,5.3486054936041,-0.764893333950381,0.12508104742515425
75.24979133591837,0.2227472234940766,-8.29621968918239,6.276904204454566,-0.0692198352306308,-0.20902803720567453
75.7460759824,1.4901289922240502,-7.130866618621399,5.738113005055579,-0.14386587756288494,0.4678506297234133
76.24737379999999,1.3850509080500222,-7.797024510396961,5.70113931980315,-0.5789264193854087,0.3428066943872645
76.74867101720001,0.8378517463680126,-7.712521325114936,6.33601708862609,0.08094706303064081,0.3225635462281895
77.24996825,0.6909665019445138,-7.33697224594359,5.627440841694373,0.027623072326881548,-0.2273826910015302
77.75126574,1.5471641469961543,-7.91597026206292,5.681965705780715,-0.7483284319810464,0.45264678117190726
78.25256314,1.3891638705453078,-7.316486056418545,6.478412536392675,0.17538788560757812,0.8516334319842649
78.7538602904,0.6999458938816815,-7.564286387596006,6.026385791368536,0.08118821362328577,0.024661427694408822
79.25014441755103,1.7266623057471957,-7.735602471767296,5.922066664316351,-0.5767265530953178,0.7488546597217232
79.7464285632,1.584025673412244,-7.0445290427478415,5.740488283086369,-0.12647340038165744,0.5447149187306888
80.2477257,0.487616748952105,-7.930525715936475,6.46918318425812,0.1655694335629554,0.12874615598644024
80.74902273,1.8039922166851248,-7.238933968813354,5.999437577211861,-0.22488785474856288,0.8727603001634225
81.25031967,1.5934597021608794,-7.323486222172111,5.647939051155955,-0.3755113168664015,0.48506178240833364
81.7516171548,0.4906800731774198,-8.132265662615072,6.42207626507338,-0.0020237074755553586,0.09521623272806767
82.25291471,1.660258088889709,-7.169910718970836,5.9464016988098,-0.1380496579410111,0.7300215576551876
82.7542117452,1.6598961231121816,-7.339309571231467,5.741959195551754,-0.3667680369257984,0.5954348398006353
83.25049578061224,0.4708976120590096,-7.9395223115883775,6.523560977775538,0.196619563496367,0.14987158685147417
83.7467793446,1.4278052150325014,-7.235821123497901,5.698250565134898,-0.20937432845691806,0.39119548675872373
84.24807572,1.509773091612764,-7.619045411414911,5.573555591325267,-0.5825634209037549,0.36424554412629195
84.7493724004,0.2076724474105835,-8.098701179930165,6.299750200607972,0.08791960164344426,-0.20025655647034402
85.2506689,1.4155014750398711,-7.36080272727433,5.849932644536612,-0.20850500900898128,0.4736749916623024
85.751965805,1.5378551794102515,-7.64462617928943,5.565961398078858,-0.6176927909532721,0.3804218682782361
86.25326271,0.53467461762074,-7.97051425159999,6.659243287237549,0.218618995135627,0.2840404902048226
86.74954651530612,1.5420866691653827,-7.487222336122675,5.886696724020976,-0.33612078681850255,0.59110261583176
87.24583027,1.2581773704224126,-7.186278165730364,5.397750502665264,-0.2580865359544138,0.07148284727790166
87.7471269246,0.2424474027812213,-8.201157341328384,6.0974660332302495,-0.10946032287923524,-0.304223042157461
88.24842362,1.6765576343495352,-7.665864170483378,5.973347383002392,-0.47680110136214804,0.7445611657668536
88.749720435,1.2865632293577272,-7.284635784716316,6.098379899998199,0.039772344006963056,0.5330614982839803
89.25101749,0.5875093362059622,-7.477611096799552,5.796477834778536,0.06977382156130396,-0.20502589322876874
89.752313845,1.951104803891908,-7.727856687423866,5.54230420542695,-0.8825170683659014,0.6830517139899248
90.2536102,0.1949712802632458,-7.861842606253919,6.400178185313458,0.3134166068901503,-0.13943961221087964
90.74989363510204,1.7092275107164543,-7.282848142066249,5.918661943145928,-0.254794899270534,0.7469905277184523
91.24617718,1.1831953581603614,-7.507524334891132,5.942954666528167,-0.1513108823018885,0.34801957430278296
91.7474737,0.6757935546950791,-7.748847635073751,5.853202886399945,-0.1299887133036819,-0.10906890561234261
92.24877043,1.85274178794004,-8.059503255366247,5.777304151170489,-0.940147528338918,0.7452047216122342
92.75006643,1.5264069591004397,-7.84781809388021,5.522199390214289,-0.7776731179428475,0.3377198280180673
93.25136241,2.273229562377071,-7.42663628052687,5.860514135423099,-0.6512906184369176,1.142763101434972
93.75265885,1.8512579043876805,-7.967714800502292,6.050626817466967,-0.7273277575050159,0.9195089480767296
94.25395543,1.635656379355733,-7.527820653333166,5.719332077752961,-0.49905533159636706,0.5566223847895317
94.75023909326532,1.8180217145253672,-7.632804519288602,5.76243479035287,-0.6344778422013579,0.7219152411424172
95.24652298,1.8511986889402017,-8.078055247523693,6.154522305770595,-0.7479011074147612,0.9817325193158446
95.747819536,1.6846897604644524,-7.762053778070578,5.752407763119537,-0.667417672106914,0.6083630058182674
96.24911621,1.9010159426627575,-7.576898875491426,5.881341945366208,-0.5700194411556558,0.8630203431006294
96.750413018,1.7699877898525267,-8.135224225247635,5.965763435276209,-0.8519371495692365,0.7978450853527512
97.25170976,2.034867992402008,-7.704286109059916,5.9594201409244105,-0.6793284663527044,1.0121455840664852
97.753006492,1.8308235734706957,-8.770709352702447,6.3693190433066045,-1.1047312314063036,1.0805367234643883
98.25430345,2.074832706297751,-7.284863895865405,5.763209971996449,-0.5120765820283788,0.9319336543189758
98.75058659428572,1.9025045694987508,-7.7210202325339585,5.938100389198611,-0.6404148566573808,0.8956374439287895
99.24686972,1.886329899257141,-7.662267529103385,5.837228118600987,-0.6465417487892013,0.8211771455651364
99.74816616,1.708681525700036,-7.363115759108914,5.571081029072418,-0.4988794730528303,0.5245560411037591
100.2494628,1.706203701018946,-7.7787648220604515,5.534688634962107,-0.8071697532895654,0.4869860738636076
100.75075944,1.738398285822156,-7.771101796507503,5.942178132068472,-0.5960799557053069,0.769568530875139
101.25205622,1.598413946634271,-7.784190084094751,5.753305778035103,-0.6418618118787149,0.5414254023312042
101.75335288,1.557566102436774,-7.884235904707412,5.755576395715207,-0.6911935250169137,0.5081707732482448
102.249636622449,1.588567529828541,-7.7102926780612275,5.598682431795476,-0.6695359571128616,0.4383739182980273
102.745920592,1.6028758473079572,-7.956448661410793,5.762788182206802,-0.7588898101255368,0.5456243097230162
103.24721772,1.571194345684375,-7.740834757043744,5.761006343387831,-0.5946898790850113,0.5265258205560173
103.748514678,1.4532718767871486,-7.758015003400283,5.756964375542047,-0.553501429813819,0.4321046278857743
104.24981174,1.6564275259304728,-7.692210978552928,5.79659417755038,-0.5815177152330842,0.6165107158944156
104.751108742,1.74055842239081,-7.950506498411298,5.887562844309054,-0.7517498872933635,0.7312763378461264
105.25240574,1.8427541516267905,-8.086159432042416,6.281711334895888,-0.6806491715577545,1.0552895328271257
105.75370284,2.2411817000574232,-7.273691086554403,5.702129071387905,-0.6154815728182506,1.022545735311006
106.24998694081631,0.7390269013863942,-8.208153064626844,6.488031242703094,-0.13575126323690645,0.3269414467870453
106.746270952,1.0252481911827538,-7.25495150302265,5.664019148339447,-0.05229594663759718,0.05716199377680198
107.2475678,1.0612450538398848,-7.944564800387134,6.058560774453362,-0.33604594442101776,0.3132700425231638
107.748865288,1.458479372107906,-7.219664842981791,5.66158951144828,-0.23238196194423866,0.39228956903670475
108.25016294,0.6629850705875145,-7.702499452768714,6.516089134907962,0.2676178428262448,0.3011657342697678
108.751460088,0.4372730231669166,-7.545364844568789,5.7951135977806905,0.09232994535823824,-0.3243269411242342
109.25275718,1.244043442646313,-7.259304186926141,6.11647635987824,0.0871975904087674,0.5123281913781508
109.754054594,1.2830711573403095,-7.279179292288591,5.782497301841729,-0.12599459984725314,0.3309800578572757
110.2503391877551,0.3243144373020983,-7.972837431564866,6.47019490007397,0.21328111849969078,0.0015998929316465293
110.746623552,1.3671005007607429,-7.569822080928817,5.836297302781395,-0.3388723624176704,0.4212022469329044
111.24792068,1.1645617708476057,-7.258107491037973,5.992715244800905,0.05826271469056543,0.37261719018943307
111.7492182,0.180303272920243,-7.913235092276263,6.234325513270275,0.19458601246783802,-0.25713612799340124
112.2505156,1.426499626472865,-7.47584142992252,5.896998744688342,-0.26834554582778036,0.5084215945244424
112.751813252,1.388343672114603,-7.166048344146029,6.034651550448582,0.04011542480417418,0.5752574906916639
113.25311096,0.0102996600304178,-8.761090576994258,6.669512592748622,-0.08073689460193645,-0.13974390185552554
113.74939536938776,1.328732890848815,-7.126162214650696,6.157625655685706,0.16255281546253153,0.6079796804076469
114.24567956,1.2451676883751646,-7.76230804376622,5.80549464592962,-0.4325028154770574,0.30142969295346056
114.746977324,0.8777359707709358,-7.134260516821614,6.397139105044288,0.4984304037627465,0.4096842597907475
115.24827506,0.612191837400745,-7.991412803453744,6.409180247149653,0.032128630097741695,0.185485380935007
115.749572792,1.4039738529790426,-6.82573996231281,5.97949555487447,0.2400958862227962,0.5628894277515952
116.25087044,1.250870692590633,-7.930634776186574,5.903815128455295,-0.49922211746612666,0.3628286543662824
116.752167948,1.0283051310973867,-7.067732648340606,6.405787041600329,0.4788113300002641,0.5338068972702157
117.2534655,0.4673808859276344,-8.022061924327822,6.067911721700987,-0.10622766696067343,-0.14319992840770857
117.7497501,1.1752222840306552,-6.8232250607722,6.179596128130295,0.4576839093023011,0.5121748744934385
118.24603486,0.950842134567642,-8.07672575604551,5.881269277759982,-0.47243664826307974,0.11172953219940052
118.747332572,1.3328680188367448,-6.797428411364307,5.957095718008222,0.2810679113204202,0.4945222490138965
119.24863028,0.4104357124319023,-8.708159949734924,6.91804537083496,-0.09696614167686768,0.3288178027989028
119.749927964,1.341845726002994,-6.448804070161532,5.794734989133199,0.43186240492056527,0.4095333040761835
120.25122554,1.379958662514752,-8.041481136309214,5.778164675469927,-0.7051867171521278,0.3800723033976565
120.752522944,1.5319603113876403,-6.922321659011598,6.794505722987425,0.5544333731852971,1.1739285080616337
121.25382026,-0.0145142441322772,-8.4103696283717,6.336163381103855,-0.005295070308986016,-0.358857688121065
121.75010500612244,1.6680054715080246,-6.755971015813903,5.856544935271706,0.09814794664541271,0.6918698977411752
122.2463897,1.20581089276629,-7.783106980979109,5.750972403085629,-0.4580772907217803,0.23586810612456777
122.747687644,0.3348249650089576,-7.653089428005098,6.61635487590114,0.5104472585212902,0.11181080393095133
123.24898572,1.8923500249369616,-6.91700694774195,6.260015751598746,0.0992695169535871,1.1156171108420843
123.750283304,1.5259809382646703,-7.053074631237336,5.628645083067508,-0.16580243312034604,0.42884105580695486
124.25158098,0.5861857193522286,-7.593628433645223,6.635887754498282,0.44448868625446014,0.3206688758788774
124.752878444,1.0058273902108823,-7.115147628179393,5.960470781114261,0.21494889229305514,0.23364520480241957
125.25417568,1.3441729786053604,-7.760442333708338,6.140947381539894,-0.29586028423345434,0.590082607419542
125.75046054489796,1.6165194790566078,-6.526687836633122,6.096992725510105,0.4124620368342189,0.8108631003597786
126.2467455,0.8913210905222921,-7.66702708008879,7.007249689410964,0.4513702500480232,0.7893843680194808
126.748042976,0.7519564813052092,-6.930138755478752,6.388750150417255,0.6952097637856545,0.3131722547625495
127.24934026,1.934974826864452,-7.39827929729461,5.845214728688891,-0.4810344356303955,0.8719450353102998
127.75063817,0.2186920742852951,-7.708143055087915,6.757821596867088,0.6032622652230277,0.10953979803567115
128.2519362,1.7482265031990505,-6.926071612678039,6.088530773304755,0.06765935757699104,0.8953738604846464
128.753233812,1.454108594916036,-6.988061125681258,6.421157519206893,0.3427982510203855,0.8757772197056743
129.24951844081633,0.441748721138143,-7.643214082479665,6.415413397693536,0.35822804691539023,0.06800191482251527
129.745803104,1.8761527636256168,-7.600928371662636,5.954901731119036,-0.5352283472637023,0.8894965807499302
130.24710068000002,1.2483514502741788,-7.071603639045655,6.809589464559769,0.5916822701372342,0.9592216948644063
130.748398456,0.6717917424495385,-6.995590492744645,5.99349120680372,0.47298526522283657,-0.000602958206111559
131.2496965,1.6302499618957291,-7.791206631563837,6.0372659177765176,-0.5077895128612626,0.7452495924967417
131.75099434199998,1.005603922759268,-7.018876069203576,6.944360724440305,0.8154322636749722,0.8579268003125362
132.25229216,0.8093913255313966,-7.008703532435826,6.060050390202159,0.43532867560898425,0.14762967444671737
132.753589724,1.662690813769819,-7.838944877634483,6.084784948730653,-0.5305382613281489,0.798942271833142
133.24987419591838,0.8984372784868523,-6.952295864260072,6.7245369681505895,0.7930024663518018,0.6380796711978451
133.746158944,0.5246011142967897,-7.349660470948271,6.05629629170675,0.3293147144608666,-0.08573090770184777
134.2474567,1.5101880535910188,-7.630534141484341,6.061953211891422,-0.3260529762318076,0.6727371785921337
134.748754348,1.100777807761966,-6.772652551344958,6.716550433768894,0.8189123542067265,0.7952429672206165
135.25005184,0.2239386161757437,-7.820551336257199,6.224166101783419,0.2332017361515657,-0.2269298655060621
135.751349436,1.2166516604928377,-7.504609346378462,5.910096073851685,-0.1827934064253971,0.3532673999168878
136.25264694,1.3107799249899446,-6.956821391635475,6.006493269348521,0.2071050577471527,0.5037613896563826
136.75394446,0.0163562619370519,-8.129115855405804,6.668698616017878,0.35649746072288613,-0.11631522652202664
137.25022911632655,1.4644914226664385,-7.077700466549166,6.459972393975534,0.2964790100417609,0.905608614570955
137.74651365600002,1.0109175864432192,-7.144692636538995,5.572257503994612,-0.018448055527735985,-0.00854570211288408
138.24781142,0.2796035579116964,-7.586349169393316,6.64237397982905,0.596992904086102,0.08750475105707967
138.749108804,0.5326863627299553,-7.208843994831782,5.993486610938342,0.3896325324814014,-0.11485517179269422
139.2504064,0.9447512418460096,-7.957179672217339,6.211636518406125,-0.2071874024154039,0.31934564390425546
139.751703784,1.2766513452426318,-6.966011258126519,6.03516847956239,0.23226183988976823,0.4951590237609311
140.25300117999998,-0.0725430511433339,-8.161999368593971,6.584484775189987,0.32966251625965626,-0.2393774693755124
140.75429834,1.3617657687295457,-6.9097265928991085,6.062258648781199,0.24622401031269625,0.5799173312220516
141.25058229591838,1.0212912457038934,-7.952179449261006,5.8584456250830526,-0.4310619892198484,0.15567676462626867
141.74686643,0.684571322197328,-7.287433236152554,6.361500723022038,0.46301968266034965,0.23287728705032595
142.24816348000002,0.3188317256779994,-7.36788474339824,6.187409057598261,0.4842665999776663,-0.16285438702905708
142.749460632,1.0694292338806546,-7.461472327212211,6.128669369495952,0.03485149132249754,0.3786131949853333
143.25075784,1.2819711809318717,-7.146327608839758,5.861085110267708,0.009721050223565175,0.38381877220667615
143.752054816,0.0966963190679115,-7.919915575807689,6.631130995157935,0.44424599451004476,-0.07144131868890558
144.25335178,0.971185417362934,-6.9619090622651445,6.005954619780189,0.3626779119164074,0.2402110705843894
144.7496358510204,1.1576517882931443,-7.897220519035833,6.115071407399591,-0.3176704622078965,0.4250880727158597
145.24591995999998,0.8989644733685671,-7.083454451490399,6.574936657193019,0.6202468030062178,0.5399903373053432
145.74721695,0.0875722888699157,-7.968870268766615,6.574510202726783,0.383716349290943,-0.11576748222772393
146.2485139,1.048438554990631,-6.964702281012694,6.014622553637203,0.32916507501348136,0.305442962085988
146.74981083,0.9929746522888772,-7.287236234218565,5.935796431465569,0.0876540476151324,0.2028603283855155
147.2511078,-0.2446711126562644,-8.138831887972321,6.435158442875057,0.34567566566281327,-0.46633401184224654
147.75240498,1.2224874873955065,-7.033600525720804,6.086768645944797,0.2385415645837523,0.48373971986961894
148.2537025,0.9739544790833392,-7.57826414867553,5.836368883535084,-0.16016899746332625,0.11645340966480155
148.74998634897958,0.039105526285667,-7.72788912094007,6.5097631083476815,0.5393503955565113,-0.18687042217417238
149.24626990000002,0.5596002597656434,-7.113557020264885,5.94481132955605,0.4170363946540827,-0.12185272346875342
149.7475671,0.9367725242860632,-7.91810750420577,5.944870452459537,-0.32079504530934067,0.14583963870884809
150.24886458,0.6690137034321006,-7.380672236151424,6.502821611108035,0.48192683159723004,0.3072580851502442
150.75016128,0.3794736581628583,-7.548246329829891,5.919194129685423,0.18470550760171456,-0.29080546721389267
151.25145762,1.083784768388089,-7.996383111255354,5.893598052768422,-0.47215691199105203,0.22494440329666254
151.75275462,0.8247054353370707,-7.141781549795097,5.933519747826274,0.2667977065980658,0.0755091208363936
152.2540517,-0.2283422129180193,-8.640328273129404,6.603514981784059,0.0796919847698021,-0.3626114539962191
152.75033565510205,1.2318091787478669,-7.016363977199807,5.928527047019212,0.16041298458239517,0.39152448515836635
153.2466197,1.1712433851187372,-7.453351449339555,5.797040164354278,-0.18702541334391443,0.24823760846542786
153.7479164,0.1187860432171187,-7.939760978277401,6.120311105189071,0.14317703747673693,-0.377619106528547
154.2492129,1.1990790954392374,-7.42990501737953,6.170645808870729,0.018747165858593817,0.5065200243323797
154.75050968,1.154153602121287,-7.551017837878635,6.187317818917168,-0.03554959332535068,0.47856238113037897
155.25180624,-0.2495716575579666,-7.735581767393987,6.594278034952914,0.7153054097985687,-0.3573305222285068
155.75310345,0.8609381907821042,-7.584449546948583,6.38974314580809,0.18850220849582433,0.3782866864780843
156.2493880244898,1.1919055202668156,-6.826138960079714,5.806003740999347,0.24533282210762808,0.28901135245095944
156.745672036,0.0599246640508398,-8.001190979771698,6.639556858305078,0.409420957116029,-0.09707842088582064
157.24696908,0.9112178457836132,-7.016094450364001,6.011009214693636,0.3557972953236712,0.19530165341248473
157.748265848,1.11092472682982,-7.725696728977949,5.962957291110683,-0.25862165496137557,0.2980272699919775
158.24956248,0.6331547055705239,-7.307305782266431,6.843164773347432,0.7343671418139301,0.49671041473119804
158.750859496,0.2980647770761341,-7.230860421466132,6.17625785581531,0.5834838848466619,-0.18181092225393014
159.25215662,1.2008208316684583,-7.873968562315027,6.140217127040488,-0.30809783139533486,0.4751202957727516
159.753453552,1.1981483783207107,-6.850345738656683,6.021017624663667,0.3420673499993927,0.42893377734411064
160.24973749591837,-0.0172060397728713,-7.923810314598968,6.656846039502728,0.5089364347353089,-0.14354629977331612
160.746021514,1.470416545862923,-7.200379582118448,6.320306535981357,0.1324846089175291,0.818234482879391
161.24731846,1.263230046304168,-7.126404899580366,5.8114948547752165,0.005527469924441419,0.3385823904757217
161.74861546,0.1060435689853496,-7.950278062250424,6.862162058474626,0.5439138037657352,0.08081633159803392
162.24991248,1.0440404931106029,-6.81165904155992,6.042076457382849,0.45278866286975616,0.3240407839630679
162.751209504,1.322550227954084,-7.467827957154615,6.117327508067407,-0.09454514138643999,0.5673263226588157
163.25250638,1.1243689657435854,-7.131404746286264,6.852502224551293,0.6314561264739984,0.8884692408134995
163.753803516,0.2856057944446462,-7.419738638320028,6.503677161037823,0.6351371605073091,0.009614886540235013
164.25008774285715,1.5937105400292682,-7.000608512856829,6.500852173584826,0.3117154866776586,1.0338758041712914
164.746371698,1.3606419159967411,-6.955758099287385,5.934087319899412,0.14519588496401292,0.4966788885060458
165.24766830000002,0.2846279698690873,-7.726538036447432,6.899930796350128,0.6365124013988297,0.2498245997127757
165.74896563599998,1.108311797183667,-6.876355089279523,6.26366635807167,0.49762483963701887,0.5118335965731013
166.25026322000002,1.3307434053864349,-7.590017376374366,6.075412764722388,-0.20628136524894058,0.5434732352346074
166.75156029599998,1.0422885586487656,-6.9617580255792575,6.618972193544644,0.6616642029226523,0.6825356867471939
167.25285707999998,0.0228953290251518,-7.628561564271637,6.583090091566401,0.6559396145302476,-0.1500807895496683
167.7541545,1.3337953304214003,-7.179297428680878,6.292341503082533,0.19615499950811577,0.6953823422020715
168.25043934489796,1.3132381586945323,-7.159884458005236,5.89020402737812,0.0013765782813930372,0.4260200615785523
168.746723404,0.1792683244058879,-7.757840108697164,6.661359051887315,0.5348439473246474,0.0165524110277957
169.24802018,0.5280869420197497,-7.085728245664416,5.956345715186752,0.45747901503873867,-0.13812943673210976
169.749317412,0.9425524959325512,-7.352003098690021,6.049739288221765,0.12793470351789482,0.2338071800421444
170.25061473999995,1.1679589059064583,-7.170757580101842,6.361071096012257,0.31720573139929753,0.610599465110579
170.751912012,-0.1348621571839227,-7.925496185703999,6.808587023732013,0.6452352073469125,-0.13888128273293088
171.2532094,1.0689465902334945,-6.869603528837502,6.241920902124975,0.5090235639816361,0.46780979797359024
171.74949359387756,0.8654425377369384,-7.586776203877545,6.158618907261405,0.059495734110936116,0.23570405267952932
172.24577748,0.7084017274562548,-7.151254510983131,6.481326954148772,0.611703115060857,0.3311790637563341
172.74707494400002,0.2067799110821067,-7.644490002198058,6.414208217028037,0.46698362378269365,-0.1148086794305474
173.2483728,1.1697298522251334,-6.894037439207962,6.229068858967051,0.4377167259846628,0.5370151164817809
173.74967008,1.2194395570911285,-7.152349233457742,6.056434136135071,0.14075698327540964,0.45859913004817265
174.2509675,0.3526059799555145,-7.6389937081153265,7.074168639584332,0.760062889408379,0.4152140209854469
174.75226493999998,0.5436086977025435,-6.940383756229502,6.238091586201322,0.7042127602127752,0.05629997816054999
175.25356238,1.009229329807673,-7.624814222521654,6.389846641101623,0.09081180057155969,0.49199104119234516
175.7498469346939,0.992430222052964,-6.9105471037767385,5.968421466188709,0.3681640401974149,0.2345225702724294
176.24613141999998,-0.1060723025676524,-8.075916320915635,6.655132314315457,0.44369721273952,-0.21809949776972948
176.747428976,1.087245700172848,-6.890058193069012,6.084750803009505,0.4009888983514185,0.38207731692072944
177.24872662,1.0978728163243965,-7.517255778622683,6.348504215725373,0.10176706923920475,0.5378161406114526
177.750024204,0.6942285686497831,-7.098914784083536,6.691223261963853,0.7686043227433006,0.454385938398854
178.25132164,0.3228377422191829,-7.4465596430506364,6.369602078355366,0.5262950411395106,-0.04705676963004102
178.75261945999998,1.1529633151454317,-7.186914630878809,6.217919248865464,0.23539374268743796,0.508062629275976
179.25391732,1.13947691902314,-6.851502151275314,6.019769682847989,0.3681262166506971,0.3826624220151933
179.75020225714286,0.1050516928788221,-7.924160859046988,7.175424708356854,0.7323740387376139,0.27873122308837406
180.24648726,0.9974505352727564,-6.690217702637531,6.159374772476634,0.6228857057641437,0.36574806149215
180.747785328,1.100086039320304,-7.764577472123042,6.25140249380608,-0.12429720512422726,0.470657541852189
181.24908354,0.7877585002241078,-6.918827834507032,6.392814256396464,0.6884907656787913,0.3438168894272229
181.750381476,0.0905047610721894,-7.673299186805864,6.7857130190478925,0.7028406843896995,0.028924351497204626
182.25167924,1.1126891475365537,-7.078804404057313,6.318216275211003,0.3840188198561685,0.5435164263067538
182.752977532,1.1335066149277937,-7.170579888715688,6.059714862255667,0.17016577069886818,0.3935512505156531
183.25427596,0.3565096991215351,-7.554281123959628,6.85033979658007,0.695963281623081,0.2794260290530355
183.75056155918367,0.4608313543829945,-7.044272127919856,5.9630398479183775,0.5215751531556372,-0.18473511932072295
184.2468475,1.0717694918998908,-7.814439371245986,6.199945192177368,-0.17365130771770065,0.4146986976674665
184.748145918,0.8647049551654523,-6.991518653474471,6.046220650207816,0.41384652300367053,0.18226371296671484
185.24944434,-0.0702812472564445,-8.013746172033798,6.605681850497947,0.44342972493518396,-0.21971916003123626
185.750743028,1.0749121939227857,-7.127193472170505,6.240460222080119,0.32587819510984417,0.4636613845037756
186.25204178,1.1149653312801566,-7.239952099532399,5.881951559537275,0.03416496065310293,0.26478280375737295
186.753340416,0.2880550115753469,-7.5904359248520255,6.795263527917469,0.6730437247410213,0.19050702184448287
187.2496258265306,0.4937432945453867,-7.126652055171192,6.252385001609778,0.6055289767000496,0.021028472465757453
187.74591172,1.212573000147139,-7.804789998339584,6.216190767374561,-0.22421548671211733,0.5343234883917081
188.2472106,0.8981421857719439,-6.679902133020176,6.369261431107184,0.7904525428219344,0.42172167910556446
188.748509626,0.3014725456972519,-7.532569245554227,6.451230947439504,0.5206143066942657,-0.014661760701735638
189.24980888,1.2626711114644389,-7.232914002713104,6.448684088147051,0.2769066827519886,0.7374165790059743
189.751108004,1.203697182950302,-7.0727853270299645,6.102127116374683,0.22837258643419744,0.4776927363558148
190.25240738,-0.1886850325498036,-7.986206161344917,6.822906210707743,0.6359436464995758,-0.17337724657021747
190.753706528,1.2559988903420811,-6.680107902643535,6.108226488114704,0.48084338534474425,0.5340212105340907
191.2499924,1.1386864299583752,-7.188927033304427,6.010227784385832,0.12812319205137257,0.3657437944168773
191.746278522,-0.0008754797528887,-7.736865819906666,7.091559067708412,0.8671966500524659,0.14940601731952619
192.24757822,1.2139957557055392,-6.929780193506867,6.130261398070001,0.33846903157128727,0.5077988063833878
192.748877456,1.2327605919440334,-7.486233943640713,6.251984580479382,0.0077583314013600635,0.5822759232066792
193.25017674,0.3286143750567987,-7.311122962904901,6.65488821092316,0.7726158927695843,0.141758490174845
193.751476432,0.4246396920473671,-7.205103646698574,6.005196965676095,0.4493056647324738,-0.19103841136631283
194.25277646,1.0451941929385946,-7.828840261093665,6.189304869393178,-0.176981683292174,0.38695290551125794
194.75407579,0.6329620976486017,-7.1190796838468655,6.677218625735496,0.7757172658935805,0.39746701955007335
195.2503624,0.1378653050002991,-7.298523772957194,6.155869060526519,0.6004685011764608,-0.32084462092805266
195.74664874,1.0126423764014258,-7.757555070811861,6.286225831484549,-0.05948037124626282,0.42513412672392725
196.24794860000003,1.0936576330971268,-6.963580840095927,6.265222031160723,0.4445461276136533,0.4988078883549196
196.74924858,-0.079822403690608,-7.903966427622958,6.361958664734534,0.3923316351404975,-0.37772538847438053
197.2505485,0.994919636589022,-7.143384594425226,5.88107637354575,0.1573544770047688,0.17418238466742686
197.751848588,0.9446042350052006,-7.006619564269786,6.103178411824562,0.39668573510508853,0.2796750515915978
198.2531483,0.0158139334509989,-7.926822215202942,6.761599670821836,0.5481137628813024,-0.05188753629208431
198.74943494081637,1.1683040360669572,-7.380040773288072,6.203448650100374,0.0857306695266904,0.5049216826550316
199.24572214,0.9918994144198298,-7.216228517876683,5.941459701242113,0.1407242951002381,0.20776796305723355
199.74702284,-0.0780931135639475,-7.934293505694505,7.116727899060335,0.7794683046653188,0.09947710503652107
200.2483227,1.234233697033094,-7.162865779966226,6.642270907850985,0.4440076800049908,0.8398109001748075
200.74962266,0.995658175885133,-7.15386159853896,5.775349053917363,0.09240015824971515,0.10764749956014086
201.2509225,-0.2470307252979161,-8.488717387167354,7.0294207709892,0.42498783519113115,-0.10342530394627492
201.75222244,1.0464784019078217,-6.801467104248931,5.894383179772991,0.378698221258023,0.23294203379659972
202.2535229,1.1594796561443508,-7.07492763391059,5.743786369757385,0.05341359470313911,0.2170125032823078
202.74980997346935,-0.0209131045699356,-7.964350806152846,6.823385208448106,0.5726826977148518,-0.04245021411329741
203.24609776,1.481800445439607,-6.975452034904063,6.647508944107208,0.4612718046026507,1.0405977628986074
203.7473983,1.0205982767727384,-6.972460413356632,5.660027880972953,0.14463420756573697,0.059644114964427786
204.24869876,-0.1296853867535344,-8.250200135823583,6.694708884357712,0.35474753226871014,-0.21669914681695568
204.7499994,1.3064101779362032,-7.175953344233111,5.881074228632499,-0.011567477207403254,0.4144742279545435
205.25130058,1.1212655310307793,-7.193975704420491,5.890987606443892,0.06815300971335025,0.27677163516588976
205.75260112,-0.1114423869515854,-7.899149379643675,6.605919170564947,0.5427598668066436,-0.24796242234083188
206.2539019,1.3493575818502976,-7.423133823183235,6.233321966219584,-0.013105397509526107,0.6627267428101549
206.7501898530612,1.0998497572700368,-7.964063623591225,6.05446369627479,-0.3699799250513487,0.3399917374041248
207.24647788,0.0883975679224098,-7.284419424800753,5.91594658051884,0.5034819646460493,-0.5102921662978712
207.747778538,1.1612681447035145,-7.687133422401621,6.121286555875605,-0.169557985913936,0.43821516984847175
208.24907876,1.0847259045524569,-6.970907149743296,6.139420687365526,0.37544718266956023,0.4121975075087443
208.750379758,0.3462170681701373,-7.70185671942034,6.365293266542936,0.3350299349360877,-0.039445564423905566
209.25168086,1.555238066623357,-7.69029382028004,5.774153478772325,-0.5448443332071484,0.5240104601696531
209.75298198,0.8674609750138329,-7.312230899456503,5.960486421953046,0.14253172128055125,0.12047076835466619
210.25428344,0.4963367936677947,-7.95284559677002,6.414116144359704,0.11607145221839898,0.10003514238572908
210.75057145714285,1.6621866451981766,-6.990053808310953,5.611506314379465,-0.19510015588617158,0.5254412817883152
211.24685932,1.011406078719053,-8.017211424369792,7.234146606694026,0.27388310455030984,1.015067149728086
211.748160546,0.3444441991748869,-7.148009995328176,5.557986220358825,0.28435790180048937,-0.5339223358524401
212.24946158,1.82753659793256,-7.911698887555577,6.665018989624052,-0.3441436278838461,1.2909512020474967
212.750762856,0.75707744398879,-6.432303610158868,6.024381719124169,0.8423332303001119,0.10213308842140201
213.25206432,0.918816718023338,-7.117729926829202,6.340286928746507,0.4598549915670278,0.4060961403833545
213.753365858,1.6446401876167382,-7.615760167028782,6.449473142170681,-0.16883142212407698,1.0221317537390942
214.2496542530612,0.8665276568374868,-7.009998240303817,6.733424715132425,0.7725770568111372,0.6172186312870362
214.745942994,0.8812034363000734,-7.213543786972185,6.233764074818226,0.3529883174895039,0.30675126645114226
215.24724474,1.638181595579814,-7.82868714077917,6.5310138288251975,-0.27002523216787555,1.0621517608590763
215.7485464,1.0249919430421954,-7.090832541046886,6.699746983619019,0.6235922564302336,0.7162309086052243
216.24984818,0.4169714867771186,-7.301717950864397,6.47393466732992,0.6396178593499307,0.096179621865085
216.751149808,1.4049065012271569,-7.798664594425293,6.873043145161168,0.045786384792721346,1.0984273695416382
217.25245126,1.5615644736375698,-5.817673744943872,5.964656010272356,0.8607507482635235,0.706295292783409
217.753753102,0.5872943042290302,-7.5808363141017185,7.191862795551114,0.7542257555676708,0.6731260213924299
218.2500419102041,1.54698447485051,-7.102402460091487,6.403425283554201,0.20988812421733583,0.9330357721148959
218.746330896,1.6324325964605846,-7.366514384379352,7.2096121189051505,0.422634404901159,1.5004469852120055
219.24763298,0.1811796171976188,-7.041100275958127,6.589534387682673,0.9946217052392226,-0.005505166213557011
219.748935006,1.7079748255818357,-6.832566028192473,6.431361558106138,0.3375479650961122,1.0836084633775078
220.25023688,1.3489225366192976,-6.879404489442421,6.16811856766045,0.33076538355321494,0.63776402483734
220.751539186,0.204905292567884,-7.334317669452273,6.28565728342782,0.6143944091398679,-0.1880177272805139
221.25284196,1.208892601001638,-7.366751939147208,5.932456164428436,-0.07093827818269327,0.3655813928995082
221.754144164,0.7949538847181076,-7.161604922971963,6.5546949621154615,0.6036251176565033,0.4442548652567986
222.25043339387756,0.5446430229894095,-7.616243764097005,6.583442309046893,0.4197998220853929,0.25467063609953744
222.746722712,1.291298854021707,-8.261326207894689,7.332372933090583,0.02557550802248887,1.2864895326870673
223.24802532,1.3559769693163883,-7.076841624158985,5.920183355999584,0.0554482924374291,0.48059376502052054
223.74932774,0.0580864710446668,-7.904717885311995,7.107923906590946,0.7313873148907002,0.20030335028967627
224.25062982,1.2685680335590948,-6.710217796163916,6.261588752212017,0.537078055725831,0.6397189989214667
224.751932464,1.358056164247455,-7.283995548497134,6.2400378692457386,0.08343786433382272,0.6779456798055747
225.25323542,0.5486723298789244,-7.578845421333947,6.8997179415431775,0.6153996103735495,0.45872195782065894
225.7495250591837,0.7362558899244268,-6.844385961293126,6.062699544122685,0.5856332119394287,0.09765679170406383
226.24581488,1.3481589491074286,-7.457613400643838,6.266516393908368,-0.018585250565486433,0.6817168193154775
226.747117672,1.1762294553991444,-7.056772223157693,6.945578006226842,0.7095820912765392,0.9897104902796352
227.24842064,0.5932015032754252,-7.156779562279246,6.374398548540198,0.6039731026165287,0.1742283709545296
227.74972346400003,1.461485169208279,-7.433923854233785,6.253094189350666,-0.06254448343844121,0.7617438791748006
228.25102632,1.2230466472891828,-6.713678026708226,6.513574030693491,0.6926116052107607,0.7635308217176018
228.752329236,0.2561882619046808,-7.343249137675923,6.764944891051584,0.8438714644700289,0.1542001556596011
229.25363202,1.48052978962863,-7.131475909350423,6.389538077206281,0.2132904335561605,0.8719007900564852
229.7499221795918,1.354571629172369,-6.845144549476534,6.251714354834483,0.39730378396075494,0.6959908852722965
230.2462125,0.2963337604704609,-7.600049856041075,6.909441308272815,0.7243409594831991,0.2687529674706983
230.747515848,1.5975001313677573,-6.939887930271072,6.546440692672185,0.3769710926494243,1.0674591714664885
231.2488193,1.5471496482531115,-6.7593060052315925,6.10414541011549,0.28675542112742036,0.754560459377716
231.750122646,0.1326518543208452,-7.597873322446378,7.148722183325702,0.932384248078058,0.2931822057533644
232.25142604,1.3743718517565315,-6.6572758221707575,6.465204024053042,0.6346755746306028,0.8519124887951417
232.752729472,1.585557052669186,-7.09654954361428,6.188829976568614,0.07954979641695248,0.8275333815383084
233.25403286,0.5784385254130001,-7.293608836922772,7.0834823065583326,0.8998523383800103,0.6065519550382916
233.7503234428572,0.7573404734777603,-6.907082844484376,6.222039403117341,0.6183956836681437,0.21273413830031807
234.24661408,1.20141007322704,-7.68994415214528,6.200516092876792,-0.1474177540398358,0.5192732977018828
234.747918054,0.8173248846446577,-7.029818172715847,6.83270308265166,0.8356674053393451,0.64121567834676
235.24922208,0.1471256778246373,-7.1958861873337785,6.230777040313062,0.7082655868176526,-0.26322555286135474
235.75052592,1.2124354587110886,-7.477957227018989,6.224541448964575,0.008194284959411657,0.5494481004454483
236.25182974,0.849577317131503,-6.877094141546967,6.664082964760578,0.8355912477002381,0.5643340911372441
236.753133546,0.2822780767978622,-7.288480777322254,6.450542453963226,0.699393442325368,-0.022529542131985103
237.2494242959184,1.3190966011060274,-7.563763262295626,6.462468878129364,0.027272252281378417,0.7797540670903471
237.74571514,1.1239564771726918,-6.576614442822769,6.567767996347239,0.8640397905617951,0.7251835843712922
238.24701916,0.2801223537855337,-7.437602894566684,6.653388151129023,0.7064028349564049,0.09939539229398875
238.74832327,1.4342126613822217,-7.192602970959866,6.486015154193462,0.24471472830232788,0.8951052238931574
239.24962784,1.2764150082270018,-6.553243531070288,6.325591406424422,0.6775033191354436,0.6910095603312829
239.750932026,0.2252968507181802,-7.556275790374116,6.919828884620386,0.7938297006367951,0.2216219687213714
240.25223622,1.4302590572004363,-6.898809870632688,6.574255926915873,0.49918623572049414,0.9567338666364869
240.753540632,1.3097615668402187,-6.892942848069861,6.179474623625052,0.3458662795611622,0.6141905402662236
241.2498318632653,0.1421070762338767,-7.741971183417537,7.115261540123916,0.8093664553137294,0.27497978286411673
241.746123408,1.3831062744689109,-6.707443386762756,6.3653778535450725,0.5414999607350488,0.7940900242487547
242.24742792,1.3446673861276408,-7.1064651557716925,6.269303570830306,0.22933263617413946,0.6914695985738382
242.74873266,0.4911028798298176,-7.203084577225415,7.054377030502671,0.9881739551526962,0.5232722344809213
243.25003748,0.6882578176271898,-6.711376319623433,6.271781517030024,0.8142020533040553,0.19660534071329394
243.75134231,1.332484491830625,-7.585489009024074,6.307055148135522,-0.07839105759863596,0.6912880571485704
244.25264682,1.2398650806087042,-6.723543713057875,6.677718773719627,0.7668069811448366,0.8799481361019881
244.753952006,0.467251934102763,-7.408821091821548,6.812091204566741,0.7246412487319529,0.3454780909911497
245.2502447959184,1.4552255553729057,-7.188163377909999,6.383966091688007,0.18263455740155887,0.8470531049675367
245.746536836,1.3714861395032765,-6.815516113546356,6.0345444568642,0.2923094149358758,0.5728097142595621
246.24784152,0.3668135890833993,-7.691048019747277,7.010123779196348,0.6823965274520309,0.38417670466109755
246.749146804,1.496575880157179,-6.754401685172096,6.282031263285943,0.4103289737165223,0.8279049178272118
247.25045196,1.477892869666993,-7.083422162084397,6.274918752637132,0.18590002566613517,0.7989171286213903
247.751757472,0.5826067928681449,-7.184170106568989,7.153927119753325,1.0123614313429727,0.6576144016973631
248.25306354,0.6545569188389427,-6.89197478311037,6.2715800255493495,0.7040262560771653,0.16487140694567692
248.74935612040812,1.4483339075108492,-7.546135613517474,6.337334088497226,-0.0889300225282903,0.8013527366549908
249.245649,1.0951405692829448,-6.8084360597232045,6.685035422220085,0.7795343732855506,0.7698782391996026
249.746954676,0.3739795001102052,-7.363517901813281,6.480368041822194,0.6202081933778876,0.06505876825365231
250.24826032,1.3852934287749674,-7.208574056390043,6.444987676851608,0.23430849183764435,0.830808121348154
250.749566216,1.336546922630303,-6.7636992659561415,6.179269217338848,0.4232708340635123,0.6387461707628121
251.25087236,0.1934856826647865,-7.705531531824692,7.120203808543671,0.813327528319522,0.31901048927347286
251.752178312,1.6024454384418128,-6.898347178002383,6.532798463807032,0.3962115648654865,1.0639375244011111
252.25348402,1.44865266608733,-6.721362975444326,6.102917088376545,0.35877397313341186,0.6786430962155183
252.74977713061224,0.0204109097482189,-7.589806900400708,7.205658359897897,1.0215543110499623,0.24245089492567917
253.24607062,1.7509533732238884,-6.45337789318162,6.32794631982742,0.5256351270334834,1.0631239198465963
253.74737675,1.4139890499110748,-6.943270610674159,6.308075211497686,0.33156122534024357,0.7746304730075195
254.24868242,0.07550307833288,-7.560480759248252,7.217106973132815,1.0223401632293394,0.293251539996521
254.74998881,1.387465062289992,-6.770198944435763,6.375313058839205,0.5010949728781762,0.8018307934050934
255.25129564,1.3557270295571886,-7.16259793628771,6.24271973664445,0.17060510576979615,0.6815336647934123
255.752602004,0.0643102229848819,-7.559417833377738,7.017638951147237,0.9202227183218372,0.15861006119421894
256.25390826,1.3730479552063926,-6.7890417302733725,6.175649749512567,0.3865099015924751,0.6639620260100552
256.75020176530614,1.4573135964391863,-7.0094184136343065,6.22861117732646,0.22204576478780735,0.7559779880781239
257.24649562,0.076409662694628,-7.523313254880475,6.929867070717346,0.8921370665129389,0.11363690760237066
257.74780224,1.4373583158811023,-6.829994987281845,6.484892710940207,0.4953859899204023,0.9078786792216533
258.24910914,1.221386986181821,-6.941040167166335,6.145132600404105,0.3352109435724504,0.5225752826904513
258.75041588,0.0807430622346827,-7.561654353196485,7.046222695914786,0.9264424127631752,0.1893273753410032
259.25172216,1.2757172294657115,-6.853084433911869,6.320384014498384,0.4660040443587028,0.6780457398617337
259.75302902,1.38101506361766,-7.075627078032869,6.27645841892658,0.23764411550817455,0.7250841663829615
260.254336,0.296840655788482,-7.469904965089937,7.164625232530455,0.9531313471323133,0.434309481365033
260.7506299530612,1.4175705388615616,-6.796493711653008,6.3406864608099225,0.4498664257852123,0.8024763787862668
261.2469243,1.3221983859010509,-6.879463754085373,6.09925513909193,0.305944568988056,0.573560343391204
261.74823144,-0.036517075458969,-7.744842652555739,7.085236531371091,0.874940294151634,0.11756056486128408
262.24953866,1.4913532333437722,-6.712666135220321,6.456856826190079,0.5366285298084819,0.9355678229139066
262.75084595,1.2396164135745738,-6.91163437680694,6.199369380710323,0.3765476417616105,0.5718531457756244
263.25215306,-0.0361403678900049,-7.673006379673746,6.93523082580322,0.8435333133497851,0.025282239805213713
263.75346053,1.3856763643818226,-6.917371235335869,6.618102621120042,0.5309409411095813,0.9493319170080463
264.2497552285714,0.9665461777168805,-6.837389113725554,5.978425743087834,0.4367316374833632,0.2230206367670542
264.7460497,0.1932203100079001,-7.593691347312342,6.993584812726499,0.8227824066205376,0.2422267609465667
265.24735734,1.4157062719994895,-7.119683272233606,6.272725439322596,0.1886267962142374,0.748256338020707
265.748664984,0.9257444408046064,-6.961010840697603,6.239898662249999,0.5114333569809875,0.35282132153460033
266.24997206,-0.1255708770369789,-7.724154914384536,6.640191140079443,0.6899476179633284,-0.23192629236120554
266.751279892,1.2044458311921151,-7.396075291760656,6.191458893490915,0.051089751723806476,0.5248553063944037
267.25258808,0.8273476152009502,-6.914383744911613,6.575159621546436,0.7718366677284916,0.4898059376841877
267.75389599000005,0.1165529322626821,-7.32157822001324,6.418363220700187,0.7366756350826944,-0.1722385628845191
268.2501907877551,1.555115326298056,-7.572908529759349,6.196446256508556,-0.23407880896657351,0.7942530186810384
268.746485728,0.5837558788201447,-6.814800024477087,6.809158449386058,1.0824258114384586,0.4519663780164178
269.24779438,0.58812881900722,-7.084730964845224,6.275252373786454,0.6028382250370703,0.10986323437753676
269.749102512,1.3964345359390358,-7.545418914776287,6.231283353908964,-0.12154796273914581,0.6941804085471679
270.25041058,0.6878857993069653,-7.079881517434396,7.0595892251219095,0.98450470519747,0.6827488489783411
270.751718736,0.6423265833285506,-7.011311138988946,6.136184933669915,0.5531991680144261,0.06623344606173642
271.25302662,1.5295286369938677,-7.493992850406134,6.307388642120028,-0.10692853304117955,0.8469192905899359
271.754334816,0.7389048458075035,-7.047605652545911,6.970852959110495,0.9349580492419287,0.6671975829171606
272.2506302081633,0.7310105939300635,-6.820711284084831,6.30562965385124,0.7362669877838393,0.24777353649127942
272.746925492,1.4074569114267503,-7.524608318499963,6.238901691980915,-0.10808682825329541,0.7081649391476343
273.2482341,0.8366979503367769,-7.056741739271836,6.911680610969455,0.8506124119769625,0.7052922058717295
273.749542484,0.6300981278713418,-6.987944875633579,6.19191737902711,0.6054340886562879,0.09267900220817005
274.25085036,1.6218684242030983,-7.531724366820303,6.298107488754881,-0.18160553982863892,0.9114348176307727
274.752158976,1.118108845659703,-6.811369513190877,6.859234838055284,0.861124705789656,0.8976220108482051
275.2534682,0.6069378753722473,-7.097279575902213,6.538793868739705,0.7281024722973906,0.2905295926800564
275.7497638061225,1.6161704729547213,-7.459783730626425,6.405881414684874,-0.07037063867033355,0.9772932216251453
276.246059,1.1504988604494877,-6.6737704203408335,6.566429865336656,0.7831324232936765,0.7419388398309472
276.74736788,0.3706756210686205,-7.282510199735811,6.418684423534871,0.6447928181841682,0.02600173936973338
277.2486768,1.406275179802568,-7.40205533831,6.487538503036696,0.11265571785074213,0.8680463474892859
277.749985834,1.3533162816219817,-6.798827030549559,6.432619848626703,0.5282302382838986,0.8107071822918623
278.2512949,0.2795592569196895,-7.554161361325253,6.768590072946882,0.687859870603641,0.16818149489454193
278.752604146,1.4991227007827448,-7.020845684732612,6.502119113199516,0.3426968984490957,0.9607904803509166
279.25391362,1.1516038520925855,-6.778131972053095,6.10618942763265,0.46041624070839937,0.4488823899333516
279.7502099591837,0.1146176551042294,-7.613121603532519,6.934471079684621,0.8140960086758962,0.14340598864768772
280.24650694,1.4708917327074698,-6.797328131449608,6.641190463886334,0.5871293317963977,1.0335823742323118
280.74781653,1.3454724844697104,-6.820073667336221,6.08079054477118,0.326409363951647,0.5817339044917187
281.24912584000003,0.1784655546407483,-7.74621830736017,7.238666469860731,0.8562246997261798,0.3809689777146268
281.75043560800003,1.4719580925457407,-6.670897439107813,6.509237491465237,0.6032383644249482,0.954905218433832
282.2517454,1.37454184750904,-6.920415050805517,6.153085495456969,0.28200482603815136,0.6468634887821478
282.753055394,0.0697690721210383,-7.551290979528124,6.982825938644188,0.9044562853456821,0.1410947937209981
283.24935234285715,1.5739676416186406,-6.767696904286977,6.488198690604065,0.4764761507975612,1.017684460380159
283.745649468,1.3542140451900455,-6.920145266915857,6.089205464190668,0.2571118466706368,0.5907725455626451
284.24696004000003,0.2091543350160283,-7.667112778515741,6.935894669262572,0.7328559473454894,0.21589013039083138
284.74827046,1.5206549849893676,-6.765047504280423,6.377209852260928,0.4431923488343732,0.9063568604443235
285.2495814,1.3381365807644363,-7.272036887290458,6.266085304485107,0.11524205063036908,0.679334086696489
285.75089194,0.081610495048926,-7.523632442965416,6.791808457105659,0.8146448999240774,0.030444373560444937
286.25220254,1.5534142324105673,-6.757440061568207,6.559386650710787,0.5318579560718792,1.0470452686169054
286.753513178,1.4513626284968582,-6.924280049350159,6.134436902656807,0.23314219241142498,0.6944720055382749
287.2498102408163,0.0720814842019996,-7.518273695036742,7.139048231758588,1.0110586403740316,0.24257723029951084
287.746108068,1.5990015163147395,-6.858289533656103,6.49635595578889,0.4059984329501134,1.0394693660116792
288.24741964000003,1.2729648231552702,-6.798432577419917,6.007416850900913,0.3357617435219904,0.47987753014921264
288.748730668,0.2465989073092044,-7.676815406801023,7.239788457553105,0.8732272807430399,0.43656903133590497
289.25004196000003,1.4789436494679902,-6.746215256631224,6.478484464082075,0.5307906079980935,0.9385953430424347
289.751353088,1.2220965036930398,-6.941883581974948,6.121690723765976,0.32158439045888976,0.5082909891388061
290.25266358,0.0740740985441551,-7.583568104222184,7.093304263659953,0.93981632895128,0.21323532183895377
290.753974962,1.4941672758916107,-6.893351221343396,6.470427899606326,0.4167164317397658,0.9408163917856713
291.2502730612245,1.361406072373304,-6.815131245529307,6.048474634584188,0.30485964665767273,0.5738129407548449
291.746571544,0.0927421971051992,-7.93561620527432,6.866338742297335,0.5626415246507521,0.07359792463356385
292.24788338,1.3501155397624105,-6.892295690919712,6.372120860283554,0.4317896029769763,0.767163444027922
292.749195136,1.2702166293699892,-7.134831201726313,6.209355858440135,0.21201654872839582,0.595065922409332
293.25050738000004,0.0082197833783366,-7.526315069165742,6.853894318423551,0.8808765485026817,0.012732654349973949
293.751819296,1.1537131202654751,-6.911720514621712,6.347765940158484,0.49724352774499914,0.5990504459352026
294.25313174,1.1464007734372488,-7.11789968579741,6.188700891413698,0.2707447748629246,0.48662433013689643
294.7494306673469,0.1392663546415637,-7.734113369111053,6.694818761093615,0.588295564248333,0.007425501483961483
295.24572944,1.181182308659284,-7.385104474547444,5.97516762689846,-0.047573486725321246,0.37053829834915586
295.747041728,1.2923357042099417,-7.403124100331692,5.935770179658189,-0.13366486550326373,0.4312031744131888
296.24835438,0.2834836495761198,-7.627334933324233,6.915600646712246,0.7146923061050705,0.26185875955003723
296.749666676,1.072189786300504,-6.785557839147746,6.072386673517348,0.47419705532562184,0.3657876802232334
297.25097854,1.4027176277396862,-7.518836648110575,6.275419643078119,-0.08204610744037,0.7277379799004535
297.752291084,0.453383424335844,-7.321050348218439,6.828866825492908,0.8014244889933682,0.34800615933980694
298.25360414,1.128111695228532,-6.986735038524642,6.1064145436679045,0.32615888136530513,0.4244727092027434
298.74990372653065,1.4785276066981068,-7.344138233673386,6.214488714298584,-0.028883646921762374,0.7532932456384565
299.24620286000004,0.3187923748622573,-7.274607236207474,6.9960394095030605,0.9875851372601825,0.35076735644358337
299.747515738,0.994197602529463,-6.90269168143953,6.137247432500293,0.4643143824623963,0.3427780566201548
300.24882952,1.4947872683581067,-7.5729034187527695,6.507818301030272,-0.03699138300717708,0.9442154764964661
300.75014252,0.5700476834366817,-7.227274326973619,6.6628452657571104,0.722042711391863,0.33635707863267683
301.2514546,0.575696281134932,-6.91445746929292,5.968922236677288,0.5613314070968072,-0.08808866403126014
301.752767728,1.5170714640967633,-7.603016276588005,6.134180987176162,-0.27095506269364567,0.7245336232026265
302.25408112,0.0575586786993369,-8.011644793591296,6.713814626982368,0.44349275565237267,-0.052321054844711945
302.75038128367345,1.1409065705453405,-7.459598477752578,6.612405250304482,0.2647918222571213,0.739613064332068
303.24668188,1.2729728789338577,-6.907554650593354,5.924787708767583,0.21490898783873202,0.42436294762826865
303.747995348,-0.0080569870455832,-7.879519744270194,6.7094450192991175,0.5640233641621406,-0.10188340679001717
304.24930832,1.2568663444900157,-7.472119023467862,5.887101063764769,-0.19148680735755041,0.3708821128297535
304.75062196,0.5908007522680722,-6.985582480722331,6.4331119724615,0.7562560588935063,0.21467294589730734
305.25193574,0.5790920921857118,-7.634414257718181,6.344030744670266,0.26120108365155525,0.12956590859070882
305.75324957,-0.3435838779144088,-7.274913584540612,6.378586349507078,0.96363972399119,-0.552373031654048
306.24955077959186,-0.3109799853616571,-7.135544541101555,6.595093815485146,1.1628301698884294,-0.38610457814958865
306.7458516,-0.1215050181928484,-6.755906335159228,7.450748142572691,1.8022828017525847,0.31274599764025623
307.24716578,-0.5964060163007955,-7.479550034669646,6.590355850454432,1.0544564149233842,-0.6206720488165112
307.74847978,0.4968486383611614,-6.987730399577861,6.410586736302946,0.7866527279882234,0.12760161478387388
308.24979376,0.2927618803372835,-7.29304190964569,6.802418087898052,0.8820108350895226,0.20773183054691913
308.75110789,0.3201259122574585,-7.3297911018362365,6.467737738508497,0.6621515651788445,0.01639180452229727
309.2524216,0.7491798146265087,-7.361345560041716,6.453166351260324,0.4308538876896806,0.3385775414814267
309.753735858,1.0324533017848254,-6.575202671464365,6.213800479617452,0.7161251310970052,0.4307459972109431
310.2500369938776,-0.2045997014177941,-7.594023203067738,6.918870223746001,0.9687986460941533,-0.11313789571441779
310.74633828000003,0.5016252493643201,-6.966452056927999,6.261136508995853,0.7182399776019599,0.03754231206246761
311.24765344,1.1087157363537268,-7.521117475754036,6.428883358113313,0.13755124380915307,0.5968730001753553
311.74896804,-0.7123200537788478,-7.289651966073956,6.820183654217169,1.3658045692508523,-0.559494178864175
312.25028232,-0.6254044957789966,-7.544783904858238,6.13040250358273,0.7733008832330253,-0.9356738361529988
312.75159702,-0.670504785507212,-7.833608038069524,6.23420220290244,0.6494063971844972,-0.9138372783216733
313.2529119,-0.7364278570775032,-7.312836855590016,6.373743333144591,1.1189876722296044,-0.8608905087966128
313.75422682,-0.247806867510992,-8.528017541614934,8.087991973040523,0.9717077860514729,0.5634744297996948
314.2505284408163,-0.3389194543817033,-5.860696871362364,5.630293834107116,1.5416537801686134,-0.9783752274654147
314.74683048,1.13886080039967,-7.8420717574696015,6.243392845266429,-0.20085743628634622,0.4932727319588013
315.24814632,-0.4868735753669177,-7.512923991439469,6.429682587161839,0.8926912093182986,-0.6383402976372574
315.74946172,1.361408610905324,-7.268697294244235,5.7559604514055005,-0.1698440633132292,0.375217450504727
316.2507768,-0.9289119868371146,-7.346249769249832,6.976548845699119,1.512775341087106,-0.6302179813004889
316.7520925,-0.6841432582872362,-8.260227166383862,5.469669663005712,-0.05594646203578835,-1.4203518513144582
317.25340872,-0.7983547918500209,-8.46576359918954,4.526017470870567,-0.6570663533251708,-2.111186848733105
317.7497115530612,-0.8622937218905719,-8.758705887789311,4.374150804602175,-0.9135604337536956,-2.2655725619718945
318.246013912,-0.7526595466405758,-8.656522106500592,4.566262873209451,-0.7896716785748805,-2.0561785656610296
318.74733006,-1.1939844576740484,-8.59401184416625,4.753020625597094,-0.437710317792388,-2.2781567183820477
319.24864694,-0.6484016816493327,-8.658288839960525,4.635941487048824,-0.8020774272036517,-1.9314567616547418
319.7499634,-1.0517055922377552,-8.036519724589622,5.018969692996558,0.028247564120861046,-1.9829632235172823
320.25127938,-1.883738774986132,-6.88075911659892,7.33240119042488,2.4783306353369463,-1.1308699971049534
320.75259600000004,-3.299674488535668,-4.7243097748197584,7.427616766062017,4.697756183546379,-2.101837639485063
321.25391246,-2.108066530685408,-6.596919261052355,7.188321829472439,2.70339298264328,-1.3870060630449492
321.7502159734694,-0.8634889076251966,-8.717591686124935,4.594224605071073,-0.7650598187883064,-2.1262255963951606
322.24652025,0.3481046949756681,-8.784194930416692,3.1577956510077843,-2.158777607574535,-2.09712602114029
322.74783724,1.1032256211649842,-9.693451646862016,3.245631708830641,-3.0994344120481547,-1.48440987360287
323.249154772,-1.2005926857347182,-9.654454744956196,3.618139237078237,-1.7889013300680827,-3.032482118108062
323.75047190000004,-2.0589317374468514,-9.0339953659647,2.7244807853922675,-1.4378576940709222,-4.242986998137595
324.251788024,-1.3329013713943123,-9.649203349639292,1.8050144609208263,-2.7058538823329186,-4.280159139778267
324.75310536,-2.9528162236223703,-8.940057148200394,2.891338996528315,-0.8623362718305345,-4.82713783591076
325.2494100122449,-1.6200275828683308,-8.627060004497809,2.5953253356299544,-1.4302345002256027,-3.9721963603047254
325.7457143,-2.756928618064159,-8.904158172973018,2.724836138150778,-1.0195108909169806,-4.7794864036177245
326.24703237,-2.762194501147105,-8.867905889844028,2.4275300550240213,-1.152910397395221,-4.97026899670958
326.74835002,-2.812216906858259,-9.318490452781855,2.704220495934041,-1.2935421550402966,-4.84795789332302
327.249667248,-3.574781163841452,-9.053341389081226,2.988341188599074,-0.5967651555848548,-5.251096063766383
327.75098491999995,-3.2677590333112105,-9.15552829206734,2.6717883278893044,-0.9836887223627535,-5.216350934212636
328.25230552200003,-3.828081047562749,-8.964290457948552,2.5992040935000102,-0.6267029055055455,-5.690410742448437
328.5831753375,-2.8085655607719606,-8.031476164172759,1.927541420101664,-0.8191047483805449,-5.296551452404682
