Time (s),Linear Accelerometer_X,Linear Accelerometer_Y,Linear Accelerometer_Z
10.25406768,-0.5233875610794806,-0.41909785997430893,-0.20629600144970264
10.75406768,0.553035365127303,-0.6375376853303472,-0.3054568859298069
11.25406768,-1.3541254441305122,-0.14536838671651192,0.5019698539760735
11.75406723,0.3551608105390028,-0.7772041149026921,0.3323518527872495
12.25406718,0.1836394581112257,-0.2881708036293445,-0.46757481420713504
12.75406718,-1.1294439742194464,-0.12590593791285346,0.6166735585001789
13.25406718,-0.26085646676949065,-0.6085580918993324,0.4131005576741913
13.75406718,0.18674968120912305,-0.04705560825328706,0.07224559689664649
14.25406718,0.14871977508875675,-0.16957767508325425,0.30882184805527574
14.75406718,-0.32391988044029174,0.7192690294425883,-1.3041017106146287
15.25406718,-0.4610437196549297,-0.19067162050800793,1.2799491285920774
15.75406718,0.12726282214789889,0.1621639231633336,-1.3542659815706222
16.25406718,0.00702585475034178,-0.35001868907534694,0.09057473218423791
16.75406718,-0.1039863715689539,-0.5608840426154624,-0.14149917686665275
17.25406718,0.6022600577656387,-0.6163084838914843,0.49822039201562424
17.75406718,-1.0281168298688366,-0.15599584417398255,-1.5247061595990419
18.25406718,-0.3498376891545872,-0.1032329413190657,1.4037025762839783
18.75406718,0.5924529861186785,-0.4607162096030853,-0.6381983325710849
19.25406718,-0.007372539554393891,-0.3278490854805889,-0.5703823025102476
19.75406718,0.6163459448265693,-0.02622960192416646,1.3596042088752407
20.25406718,-0.6372401006116734,-0.4688690527255834,-0.8651389344310091
20.754067180000003,-1.917211805064689,-0.7378342853016082,0.600969081197816
21.254067180000003,0.93096060655735,-0.44054148362274476,0.41804947437343126
21.754067180000003,0.051708530652239466,-0.36134542507289447,-0.15352223878190316
22.254067180000003,-0.5943338944679,0.3364455858632133,-0.4789780596344781
22.754067180000003,0.6955320188236291,0.024901898004263172,-0.10744375915636989
23.254067180000003,-0.0469545033062189,-0.013116686973439613,-0.4294215343923802
23.754067180000003,0.10891760174840143,-0.19451439774507343,0.010569697109366545
24.254067180000003,-0.21103777606109358,-0.21466678592542315,-0.20584725979723387
24.754067180000003,-0.2622202706202228,0.033501708657824016,0.6300342159473011
25.254067180000003,-0.009794892188657001,0.26832839978612155,-0.26636622301688584
25.754067180000003,-0.07822188256684338,0.4383142215432451,0.3130761551746797
26.254067180000003,-0.2813566333263084,-0.3792543612214446,0.09726623248949853
26.754067180000003,0.007223107543141336,0.19235175867950136,-0.30215360090274285
27.254067180000003,-0.4055473597804088,-0.12602289123432173,0.15056010987763788
27.754067180000003,0.47323746052776455,0.09455781771775947,-0.48836948299417865
28.254067180000003,0.34233302562189766,-0.2815992419027899,-0.10901625826306745
28.754067180000003,-0.34617718131739883,-0.19040328156937578,-0.15536935566768617
29.254067180000003,-0.024849901265294395,-0.19339650237916475,0.236494755911035
29.754067180000003,0.2773172061421131,-0.11919911536709117,-0.2583475121208379
30.254067180000003,-0.5482965250646479,0.2775176511529669,0.6685360728038647
30.754067180000003,-0.17228949575927646,0.12777890974021328,-0.1506421378397589
31.254067180000003,0.11706983151785141,0.3818001211906803,0.16240966510292115
31.754067180000003,0.012362727295660706,-0.2922335532862101,-0.33739213880762764
32.25406718,-0.19313189442816497,0.49479784787494124,-0.41214884621483816
32.75406718,0.4241739169249531,-0.32165911301454253,0.06406216174211908
33.25406718,0.6196476691723505,-0.1387829204856584,-0.7965991521725302
33.75406718,-0.14813172719744067,-0.4660623522508457,0.4682518106535343
34.25406718,-0.4528624681827425,0.2853333632519993,-0.03733383255396747
34.75406718,0.3205415682077474,-0.4481396734531327,0.017178629145363798
35.25406718,-0.5916758470930182,-0.2409989426555545,-0.11527833825846116
35.75406718,0.7575489742275516,0.030111518935401316,0.3162827064433039
36.25406718,-0.39869927400269767,-0.2911907807885148,-0.2472678473949186
36.75406718,-0.46881723732104974,-0.12036750583369088,-0.04908875520336151
37.25406718,-0.7106380586108445,0.4881941741558468,0.1418271929181176
37.75406718,-0.22612896255444143,-1.8373089321856835,0.4069950572110907
38.25406718,-0.49928241949291335,-0.09885760641210181,0.062225362426479636
38.75406718,0.802427354808765,-1.0176579800402779,0.022592937796343606
39.25406718,0.14038364739865672,0.13722546580146738,-0.9263119156486858
39.75406718,0.32744183218004247,0.33064085055185616,-0.03817981107241682
40.25406718,-0.01958790254463284,0.12133648590627683,-0.38335531791198035
40.75406718,0.0058435620420068425,0.07414328280691257,-0.7395116325083015
41.25406718,-0.1418914818321108,-0.03108615047029729,0.5344881962731881
41.75406718,0.11236628293606846,-0.3410507718484093,0.23220923524288428
42.25406718,-0.061753305050100765,-0.3664563969688724,0.05372697649777957
42.75406718,-0.22966319033110977,0.09409067839236407,-0.033684133420691424
43.25406718,0.23963802547159851,0.033697078065589615,-0.10737760611660771
43.75406718,0.45377123514627427,-0.33028854664180957,-0.16184074956798888
44.25406718,0.31624420130897,-0.07678527923723005,0.26449053975528486
44.75406718,-0.5590576248220053,0.3761712460048422,0.018047023031369208
45.25406718,0.2618271717733509,-0.12979475775478547,0.38899145519079315
45.75406718,0.17594264611106417,0.1259306613659303,-0.34524086897415635
46.25406718,0.05556471434029331,0.28385654569057434,0.3165223751723656
46.75406718,-0.3050344849118209,-0.3092334146588195,-0.43005875477203154
47.25406718,-0.20903212428312606,0.18774870730502893,-0.23195966013440028
47.75406718,0.27331086214473993,-0.24861867593927833,-0.20032847291643083
48.25406718,-0.23715291600048252,-0.1429455256041795,-0.1180422602535403
48.75406718,-0.015396564882342742,-0.21873233466734543,0.08341833077112704
49.25406718,-0.03222211777615019,-0.1840566294010702,0.25118408911247103
49.75406718,-0.1828482783037945,0.1719568425569075,0.41006721551843855
50.25406718,-0.1846353426368653,-0.3470435715726941,-0.10099323490948187
50.75406718,0.20606737131726885,0.24581686946915224,0.43581800717894353
51.25406718,0.14636872457982356,-0.040099732037278325,-0.23417614076140505
51.75406718,-0.09162811668277486,0.2541229866949186,-0.020030906640985564
52.25406718,-0.09747221740956397,-0.03127859067973197,-0.4170192203873128
52.75406718,-0.3574812528966089,0.07958449809930646,0.10266571453264639
53.25406718,-0.03671846053418302,-0.2408035035772458,-0.3299933306657929
53.75406718,0.14271490599903147,0.029038171574159395,0.4219828900113356
54.25406718,0.08496099248284857,-0.03285141090934337,0.7544289770366983
54.75406718,0.10645113279191755,-0.09259807084141343,-0.9944886864378977
55.25406718,-0.06441566235539858,0.11108625474538504,0.7185298598179987
55.75406718,-0.6262029857025266,0.20948641568423074,-0.30782910421386134
56.25406718,0.3089647395260251,-0.08510565650497115,-0.1495522719345807
56.75406718,0.8191762953718288,0.7191769879376716,-0.7004984937891776
57.25406718,-0.9563798332501113,-0.9362426012293481,0.4841005364281388
57.75406718,-0.3427379766076601,0.009579278861537963,-1.1791363912937427
58.25406718,-0.6383790125196722,-0.4387629525139032,-0.7962987336593302
58.75406718,0.8761268499531221,-0.35199909554236297,1.0291130691583756
59.25406718,-0.13093528544279887,-0.46041763268222413,-0.40995659108453253
59.75406718,0.6777409891936865,-1.0662395067077803,0.43300895342995405
60.25406718,-0.8728648549665183,0.03263638631363566,0.26104667126526354
60.75406718,0.31526948612324046,-0.017151900519241918,0.09242882003262506
61.25406718,-0.5224014775831605,-0.191906867153041,-0.13506135917927056
61.75406718,0.8023296738723329,0.27314467217582794,0.6285131997606991
62.25406718,-0.20199837216770095,-0.6123034030963549,-0.1757532097544314
62.75406718,0.5129495100898249,0.5400519891815376,0.16467633145351848
63.25406718,0.14115502697517734,-0.4200357439228341,-0.717769838229893
63.75406718,0.6606115210474549,0.2321268137264578,-0.10896785961597683
64.25406718,-0.4887145752434943,-0.5101402696142019,-0.32399836647382785
64.75406718,0.3557213974539463,0.22499498729072567,-0.04133949754341006
65.25406718,0.06235198726407864,-0.43462159689956664,-0.3413459437074619
65.75406718,-0.45673366135350685,-0.07053063644970801,0.06254209910360883
66.25406718,0.1495977637744363,-0.1190057174370651,-0.12386078080873862
66.75406718,-0.2780959828912571,-0.0844276973321172,0.5443274817731699
67.25406718,0.0797627417389457,-0.11946486097537352,0.11715372446377735
67.75406718,-0.11062494822443655,0.0738113180114721,0.3247607012555096
68.25406718,0.2970769444986343,0.04778471175222455,0.11020178782362942
68.75406718,-0.19554378899295877,-0.1278874587185333,0.22573635942147482
69.25406718,0.17471852694243686,0.48100101563365205,-0.3004310458402766
69.75406718,-0.21490297529612107,-0.650310726890269,-0.39300501725399295
70.25406718,0.30272627935232665,0.12733058988278873,0.16006105040611335
70.75406718,0.2133402766147985,-0.4484926743254426,-0.5079109416865941
71.25406718,-0.4460115811899144,0.6376140084651674,0.21628089277856496
71.75406720699999,0.4419277753557843,-0.4594526729416248,-0.3180319406760562
72.25406721,0.04067448851012109,0.02464388064607408,-0.13720821964404079
72.75406721,0.7842878505312261,-0.3357044966519551,0.24650264770578892
73.25406721,-1.260773739382541,-0.1785847284833502,-0.15626238670644488
73.75406721,0.9179653065030975,-0.41772746429042223,0.6376887910725322
74.25406721,-0.514307962060504,-0.37851054743882284,-0.37324144436242973
74.75406721,1.0510434031543816,-0.23385232338570444,1.1193883222082848
75.25406721,-0.7399341212353189,0.09870484524985028,0.12775997867443956
75.75406721,-0.05878636381463467,-0.550590110791602,-0.28277964162173697
76.25406721,-0.508376801401485,0.02581207538771962,0.38696652961957023
76.75406721,0.5154009368754034,0.38239756289232396,0.2332019774406144
77.25406721,-0.4942021373651574,-0.4072141906768508,-1.0115673228326336
77.75406721,0.20284727194423988,0.31536908603539443,0.027242273365771164
78.25406721,-0.6958630702358285,-0.4691621088039192,-0.4922981521742981
78.75406721,-0.0404587027129312,0.008805400793066855,-0.32282585353039134
79.25406721,0.9658042735905287,-0.5423300407903576,0.3639889798494049
79.75406721,-0.5028279793340055,-0.09234279657484615,-0.48529557191240213
80.25406721,1.2491063208425022,-0.6148437042034531,1.0519010124526014
80.75406721,-0.5113227946609158,-0.4466574448750185,-0.4974553213080026
81.25406721,0.6576685201267322,-0.2717633694823215,1.037796457287548
81.75406721,-0.988555275540229,-0.18094587696181189,-0.17639082997885808
82.25406720999999,1.5799720864757478,0.025210337897433495,0.5204323982547515
82.75406720999999,-1.080770946501253,-0.8794954996637242,-0.6244581371743748
83.25406720999999,1.1905205516641872,0.5287274518672455,0.6960679444551201
83.75406720999999,-1.0457638506016942,-0.8011580405910557,-1.5019576908455015
84.25406720999999,0.09721636167866322,0.16486993322275456,0.22627040263683543
84.75406720999999,0.8252207266221033,-1.0410043811923964,-1.0530609284395096
85.25406720999999,0.08299607693912377,-0.3650250304991105,0.5013179278717924
85.75406720999999,0.2729727423883026,-0.44643472408311263,0.44819249963302304
86.25406720999999,-0.5303374140123605,-0.41624250515161265,-0.6738678470303285
86.75406720999999,0.6233192521625833,-0.27384204877300233,1.202229274623467
87.25406720999999,-0.43581781668166186,-0.22338378091707448,-0.548587282811562
87.75406720999999,1.1914642823632304,-0.2552115601375404,1.306670732509957
88.25406720999999,-1.505034228633987,-0.6608769780054428,-0.5380460931695521
88.75406720999999,2.6412004339507913,0.18039766213125497,0.3128822490124165
89.25406720999999,-0.19741242184738142,-3.6089310183312877,2.796338293439596
89.75406720999999,-2.1249015157631903,-6.157393110565197,2.3580005078130215
90.25406720999999,-3.202087618466887,-1.0054512104784976,3.8513974840971508
90.75406720999999,-0.23948056964187575,0.19932212305679425,-1.9377635118646828
91.25406720999999,0.14507961981790105,-1.0463375637728043,0.13545458162578128
91.75406720999999,-0.6415092480981172,0.1901471787548559,-0.17715220046096333
92.25406720999999,0.3868371272940759,-0.08672043853122328,0.03918383854686398
92.75406720999999,-0.3877195117418154,-0.31254752485301934,-0.49710149170215984
93.25406720999999,0.3770622891436217,-0.48437116120783286,1.1487293650412187
93.75406720999999,-0.3508516781479939,-0.15024215022245005,-0.644862322363339
94.25406720999999,1.7067759660446964,-0.7385622987034117,2.1098350159563712
94.75406720999999,-1.1100361035001152,-1.1616652632528783,-1.067192320391794
95.25406720999999,0.5731529008470204,0.38475169120977776,1.9523847358807886
95.75406720999999,-0.2453761176899278,-1.4512081870396658,-1.464425222132393
96.25406720999999,0.6294559475928818,0.6758039673038769,0.46650094211308457
96.75406720999999,-0.32715247067611963,-0.6410725541861795,-0.48291882473917214
97.25406720999999,-0.21582123302694542,0.4688535176407919,-0.2494018743121662
97.75406720999999,0.34238847733676103,-0.6309500472553851,-0.559777230384882
98.25406720999999,-0.560322922032046,0.31359487308977435,0.0065290487615442495
98.75406720999999,0.5286987651185077,-0.21544055402474704,0.2603841469850706
99.25406720999999,-0.30798185776995124,-0.19543154931213233,-0.347389697856771
99.75406720999999,1.0606351010423722,-0.4769735132079537,0.8104129465158991
100.25406720000001,-1.0539288474576538,-0.060645644294237286,-0.6879334251087148
100.75406720000001,1.8253755459435883,-0.7700134386471266,1.254591745900431
101.25406720000001,-1.5033815979987,-0.6775499090726312,-0.4324890431651633
101.75406720000001,1.508438994671402,0.08241690085751296,0.8404270349179184
102.25406720000001,-0.796049301054857,-0.4056930701202475,-0.7760735307256676
102.75406720000001,1.0277642372131204,0.046183801493279546,0.2754735577777117
103.25406720000001,-1.3042732576746814,-1.2744606579730169,-1.366247393979175
103.75406720000001,0.19202331762173755,0.00305837025482361,0.7546064711973144
104.25406720000001,-0.5100000803981415,-0.22057117135451995,-0.10725302642403452
104.75406720000001,-0.39114159448746866,-0.39680861901002457,-0.08061631111576727
105.25406720000001,0.7897087683671202,-0.46680095586945497,0.4710980206563371
105.75406720000001,-0.5289849909690855,-0.11516739758485224,-0.3871128709805765
106.25406720000001,1.59705497381727,-0.7180978095865211,1.3757841401450035
106.75406720000001,-0.8035488854608183,-0.9665911881165095,-0.4000242400969604
107.25406720000001,0.9117448126232377,0.014772046072842784,1.7271761040811904
107.75406720000001,-0.8198153642294305,-0.41617246520242596,-0.5049654106454888
108.25406720000001,0.6251408073708693,0.18760741210498558,-0.16272959804293033
108.75406720000001,-0.18176251159573137,0.1705517459902394,-0.42387333860042903
109.25406720000001,0.5919770249860865,0.07977854679889189,-0.3444989312045166
109.75406720000001,0.32772369025943965,-0.5929741025528046,0.03135601260166024
110.25406720000001,-0.35491361147466643,0.037694650392821986,-0.10118371801710645
110.75406720000001,0.3672564906989133,-0.2376591711149907,-0.306540926315954
111.25406720000001,-0.3150427089740823,-0.052570767914295866,-0.06185193927562408
111.75406720000001,-0.08330488711543646,-0.1267626091031781,-0.09104431471204055
112.25406720000001,-0.21486600026732872,0.11221545064004217,0.38530747316359454
112.75406720000001,0.4775047297557953,-0.1369018955946331,0.7146104592739084
113.25406720000001,-0.03661008408591258,0.12656787771678282,-0.01691426110085429
113.75406720000001,0.5315900460141111,0.16957463262574696,-0.015240670739354423
114.25406720000001,-1.039822136927197,-0.02693891165428174,-0.5158270217805305
114.75406720000001,0.9351308439654641,-0.10769431741188627,-0.12578724259597063
115.25406720000001,0.4842673051895223,-0.3073167891011073,0.0697235987634381
115.75406720000001,-0.39035883854635245,-0.22238671791978945,-0.28576669568783536
116.25406720000001,-0.17404688147144828,-0.23747292579655963,-0.20410843101070023
116.75406720000001,-0.5285435830577017,-0.08248063568245882,0.04201487580888927
117.25406720000001,0.03533393455261303,-0.15117908656462578,0.4877235340049678
117.75406720000001,-0.7009521625298007,0.18944112610948896,-0.026916564597954946
118.25406720000001,0.23929575900057976,-0.012209606171530364,0.515397002954086
118.75406720000001,-0.24235371060391003,-0.0773470736992106,-0.029284735499829698
119.25406720000001,0.18788254566847698,0.18563114930739139,-0.09772930844402392
119.75406720000001,-0.35917304303569386,-0.05096078527390793,0.1255135577758656
120.25406720000001,-0.266297951331594,0.20672948707045946,-0.24280340514438778
120.75406720000001,0.23594047275770905,-0.41159884463104035,-0.2797646330039372
121.25406720000001,-0.30702586672470267,0.082325048621503,0.19518802880348995
121.75406720000001,0.06115128279308038,-0.023069786172442767,-0.24129396972846628
122.25406720000001,-0.07431065480125536,-0.10086457610867373,-0.17930312776965074
122.75406720000001,0.5982718155653265,-0.45229933500384023,0.0021131177504263654
123.25406720000001,-0.3707134485355017,0.027536883384159522,-0.07894521093474033
123.75406720000001,0.6810987521529,-0.05769070757238466,0.41851983979130464
124.25406720000001,-0.42556791015957324,-0.18231625873478038,0.03527949304953952
124.75406720000001,0.2208342045649226,-0.09465295720589523,0.5848990339331057
125.25406720000001,-0.28989188759151946,-0.09535730659810064,0.3543148890022576
125.75406720000001,0.4398669984681375,-0.11097172919838266,0.23005365560974575
126.25406720000001,0.307597202169256,-0.30578548046890563,-0.9861823747844138
126.75406720000001,-0.24853064800503183,0.43339956819654923,0.11195799403179084
127.25406720000001,-0.061226882754536936,-0.5496577815329156,-0.7568393957591788
127.75406720000001,-0.18583978618080987,-0.3282107244542006,-0.73344369967782
128.25406719999998,0.801630552881793,-0.521083542692868,0.5802240551870019
128.75406719999998,-0.5559767157585513,-0.06885487935906859,-0.18583137482821221
129.25406719999998,0.09748024137116483,-0.36592886011083153,1.2320595703088735
129.75406719999998,0.5300004108967329,0.18827494292520647,-0.10229775767136057
130.25406719999998,0.4231951785083852,-0.3787714541594002,0.5202275779299433
130.75406719999998,-0.6420232991274258,-0.0481872020009693,-0.48344930201502173
131.25406719999998,0.031122108242980003,0.2193324202787684,-0.17245255799811857
131.75406756,-0.8476319397314552,-0.011439104512033085,-0.46471798460054864
132.25406759999998,0.6233833631746655,-0.797217052494244,-0.23546912346887194
132.75406759999998,-0.2905671200838194,-0.5427949156746366,0.0534117767606392
133.25406759999998,-1.3940720239966857,-0.3674758100553013,-0.6129067933943656
133.75406759999998,0.819728949848298,-0.3425634863157329,0.34411570832983485
134.25406759999998,0.1983837462972601,-0.4421979262780621,0.1847271905004812
134.75406759999998,0.15850080201488864,0.03987043163823844,0.34261627235179043
135.25406759999998,-0.23315252451293664,0.05665663472163569,0.517874691977201
135.75406759999998,0.20650087873736084,0.2061279593424491,0.20317334324114547
136.25406759999998,0.0988904115304722,-0.2616762653985393,-0.7052104471301412
136.75406759999998,-0.11951597687794402,0.4363403088476047,-0.32291126765934874
137.25406759999998,0.5939648328680833,-0.49920439520427023,-0.027509255342403893
137.75406759999998,-0.6169551523349773,0.0936054823602026,-0.644505057817094
138.25406759999998,0.39758914430105785,-0.28106689331724527,-0.015905667787231632
138.75406759999998,-0.4307329283642525,-0.07515480756967999,0.15122251527922073
139.25406759999998,-0.06629333500424019,-0.2623590401874047,0.3337124214697406
139.75406759999998,-0.2896907684004553,0.0003880845072850747,0.09665292858510423
140.25406759999998,0.6308970205316299,0.11156260678138728,0.5131320556226983
140.75406759999998,-0.2361148156482912,-0.12764927793308897,0.10404374153929323
141.25406759999998,0.3859611918963017,-0.24998793750429268,0.35089030220035916
141.75406759999998,-0.03275319139752461,0.4291243952624095,-0.27033221855219963
142.25406759999998,0.5743643891697926,-0.3186548063480342,-0.7734863478405254
142.75406759999998,-0.08170956488732545,-0.23261693126627508,-0.17652702581232851
143.25406759999998,-0.3185843123030411,-0.014651029134585616,-0.11924437704932372
143.75406759999998,0.20553502143181357,-0.012628595586710683,-0.4252067449307122
144.25406759999998,-0.3003227174064352,-0.06614880645976133,0.013030745263991884
144.75406759999998,-0.08159509920969263,-0.3038424262525167,0.23681707128103383
145.25406759999998,-0.11543204203393753,0.029383797266653695,0.18582171249232127
145.75406759999998,0.7851305788360703,-0.22897632145083677,1.0049873607066093
146.25406759999998,-0.41418184849587647,-0.49338108187671414,-0.2910032405142736
146.75406759999998,0.5346017537825052,0.40995049771350417,0.383204151080104
147.25406759999998,-0.31387746211472395,-0.1358165705829231,-0.9115882306722095
147.75406759999998,0.15554020191710374,0.34841514810073676,0.15977422379339185
148.25406759999998,-0.1605331802252568,-0.21302633438543433,-0.21156792074246775
148.75406759999998,-0.13828229945184767,-0.19943299707601664,-0.39862455434329325
149.25406759999998,0.2785859142800615,-0.3370476737097505,-0.45114076199841735
149.75406759999998,-0.03295233287231142,-0.10329631970236494,0.24527486632853485
150.25406759999998,0.07453806300264208,-0.28184794071048597,0.4029729854726489
150.75406759999998,-0.3739401478751722,-0.03773551723830936,0.3603027108195321
151.25406759999998,-0.3809913302824821,-0.0782325722353528,0.16903431950432565
151.75406759999998,-0.143510154645538,0.1962644779960068,0.2901468380712327
152.25406759999998,-0.3608296661066124,0.03168704574258536,-0.41989207655052796
152.75406759999998,0.3715144729189088,0.19041400571791325,-0.19901786365117097
153.25406759999998,0.26765235264335874,-0.6642882573202157,-0.5705997888214985
153.75406759999998,0.2812773606839558,-0.24763519598765327,-0.5786111057445832
154.25406759999998,0.0047613787227548995,-0.07159487833575871,-0.019087226129468754
154.75406759999998,-0.6956815735399873,-0.3473167013746519,-0.22394131459302952
155.25406759999998,-0.25420742068211605,0.16717127413818286,1.9323803336706789
155.75406759999998,0.33141884167077107,-0.9555736586452699,-0.8768469195504502
156.25406759999998,-0.39402007199881317,0.14777144857059624,0.6203008541184857
156.75406759999998,0.022837703215063416,-0.2734343300039461,0.10384720221671817
157.25406759999998,-0.3389214634011266,0.35799022435405414,-0.062102842138892986
157.75406759999998,-0.007783289089784189,0.18537794616267989,0.6946768689175002
158.25406759999998,-0.15585618271738055,0.1002151654343723,-0.8308669985124716
158.75406759999998,0.14863537713265138,-0.08098050423901641,-0.15300657697092448
159.25406759999998,0.35279400757020307,0.029131323874271215,-0.4265247778460083
159.75406759999998,-0.1500893983773161,-0.2610968600064306,-0.048124694891814174
160.25406759999998,0.0975882878550461,-0.1404664737627064,-0.2495720044520086
160.75406759999998,-0.17815086591099832,0.06564994309821945,-0.18054855577720028
161.25406759999998,0.5555317668073408,0.03518761984528216,0.1641427245030158
161.75406759999998,-1.00853481935424,-0.024775507339042525,0.21075550198539247
162.25406759999998,-0.20868809952970857,-0.5240618413925948,-0.02982167613116129
162.75406759999998,-0.32675400725241993,0.32721555076772835,0.9501507208254594
163.25406759999998,0.4590221014972786,-0.28198110926132225,-0.1097611358821943
163.75406759999998,-0.6715600294272798,0.23831905791012203,-0.03474483067163965
164.2540676,0.283421862487506,-0.029485312495610663,-0.11754599432591281
164.7540676,0.26302034134569924,0.07650127877844419,-0.1412502898785931
165.2540676,-0.016994255518070496,-0.8583600135774069,-1.0792182467618563
165.7540676,0.12395330961904422,0.24427652831277968,-0.05582451678108539
166.2540676,-0.18763574508690603,-0.4454924605228749,-0.5584457059018948
166.7540676,-0.09330689354600016,-0.17328547435954092,0.1968808902228857
167.2540676,-0.6760330851860838,-0.05251355444717202,0.3537640423825962
167.7540676,0.4760007330566286,-0.1578067028733648,0.04971184722925136
168.2540676,-0.04590395815708709,0.09167444915893676,0.16401577092688643
168.7540676,0.31207617242021457,0.00248779249961508,0.3401700722305674
169.2540676,-0.157330271463083,-0.12943274459722043,0.19857959304394782
169.7540676,0.23702753408836813,0.14252775292432637,0.2473157664717364
170.2540676,-0.716056249437592,0.12384407372816923,0.12442306932511991
170.7540676,-0.16834888320890498,0.13528057707180247,-0.14600068560359522
171.2540676,0.19471824077184186,0.26510688396038323,-0.3926805923373958
171.7540676,0.3627188934376811,-0.24212622532961553,-0.318331511942157
172.2540676,0.0255189209281041,-0.06799036964756607,-0.24084045186716363
172.7540676,-0.6290096839565797,-0.15762556086326998,-0.03189554904563102
173.2540676,0.39662823689050647,-0.07279228320250498,-0.3471704205981024
173.7540676,-0.1501789950577836,-0.11464470078824344,0.43875197118782266
174.2540676,0.48583403625036425,-0.1479032243797413,-0.006174632963223745
174.7540676,-0.09015065820599145,-0.08122299439357855,0.28105461851452807
175.2540676,0.2555242915070232,-0.06148232162363358,0.22780204014613722
175.7540676,-0.35796092028605087,0.2500053560705947,0.2678752567646038
176.2540676,-0.008964717378003736,0.08205205010567759,-0.02239463560649895
176.7540676,-0.17632820615420552,0.14279592843438949,-0.6098104442121489
177.2540676,-0.3922873754606323,0.06210037274388726,-0.1644876688531236
177.7540676,0.1666498197895887,-0.2070058085738664,-0.3828651138797162
178.2540676,-0.22009576744780163,-0.13775752873945335,0.045838843105332545
178.7540676,0.15947626163423015,0.05683717410592647,0.05569216472213116
179.2540676,0.04730907953414575,-0.015297758463881024,0.4943070647936838
179.7540676,0.4024829382816463,0.10018480906815225,0.13007219224801328
180.2540676,-0.37401381950004425,-0.1276039930164399,0.17716838456586054
180.7540676,0.05616258694943065,0.11603561367587391,0.18998999087134913
181.2540676,-0.20676324268727977,0.11984262588961805,-0.11913803647878154
181.7540676,0.2230181412485879,0.005614455881767335,-0.4613432212310598
182.2540676,-0.0928277076429847,0.03683921977468524,-0.2062508587883724
182.7540676,0.19648765838045115,-0.13925741737933392,-0.11956214187070577
183.2540676,0.04160967013493099,-0.1390827279621648,-0.20892203631681994
183.7540676,-0.2619019332050708,-0.2872722081576332,-0.15739146249564243
184.2540676,0.44871664528388355,-0.0518435939328826,0.1049601429295098
184.7540676,-0.45846809713800213,-0.07381692007608054,0.33704347909999943
185.2540676,-0.17975773226935174,-0.2412335972156216,0.16450260123373087
185.7540676,-0.10594913332404855,0.09983561639729542,0.3641610144209902
186.2540676,0.13142307744461312,0.22644322934115202,-0.026848192891606084
186.7540676,-0.46582402311892074,0.051596715497968876,0.2370821456904043
187.2540676,0.32413533734713323,0.062277793050305175,-0.40076516603606593
187.7540676,0.1949858514957285,0.2290572540321528,-0.33151808519160186
188.2540676,0.08159254972282913,-0.007137772408657765,0.1440769047570491
188.7540676,0.1186546933386073,-0.20070267045358622,-0.5661725635582359
189.2540676,-0.21066037520208186,-0.15889444860653204,-0.20037686446898548
189.7540676,-0.200936987299728,-0.1603417221074213,0.056702737465211255
190.2540676,-0.24968299674856476,-0.10514310748753776,0.21577852681592752
190.7540676,0.24280577427861944,-0.21719595204140002,0.2552714662279058
191.2540676,-0.13480646599461163,-0.0751523859631384,0.2715602606156107
191.75406741999998,-0.08834602324397142,0.02166410060683646,0.22717073251621453
192.2540674,-0.19304882722946062,0.256034060259968,0.25475909560280374
192.7540674,0.03453901625901839,0.1641596468715276,0.012535984342051387
193.2540674,-0.17672068567412955,0.03883722924365019,-0.7702040219773936
193.7540674,-0.3932290955836734,-0.0646130738617372,-0.0684120055900614
194.2540674,0.018190443502538352,-0.30442948409493453,-0.4953257620021644
194.7540674,-0.1372492757991761,-0.13333871127260136,-0.309102783634406
195.2540674,0.09432805003167982,-0.18135639480372084,0.1751718237030869
195.7540674,0.007029069170031872,-0.01836080154895829,0.47567189493669704
196.2540674,0.04385207262757456,-0.17224648679010385,0.13787811697966057
196.7540674,-0.1323443665420026,0.08346650128710449,0.5413552728699451
197.2540674,0.01345700637911031,0.0949739015445601,0.19913353096393036
197.7540674,0.13018631362093183,0.1772089528578125,-0.5185999483829042
198.2540674,-0.22283859591232286,-0.05093840328869133,-0.33859578697905074
198.7540674,0.11580405573594049,-0.0037887676526448823,-0.5762590197613536
199.2540674,-0.09121605396377463,-0.22124143475254368,-0.24505518306773091
199.7540674,0.14484136358819055,-0.06431704648271575,0.1890376795377871
200.2540674,-0.3432217427357567,-0.09729008656542684,0.27855867741971607
200.7540674,0.11486756420010708,-0.1718995057150989,0.29950429102821857
201.2540674,-0.3162366915315258,-0.12888753764905023,0.2182260325218328
201.7540674,0.004086397522643765,0.39056804962148406,0.34860715095857076
202.2540674,-0.5570800219688323,0.15407458164700225,-0.006441779955693052
202.7540674,0.3780450851543085,-0.10880428682060536,-0.05953267359650022
203.2540674,-0.024533676287902803,0.03732657553597508,-0.4283148174711222
203.7540674,-0.09904640515910992,-0.23748918180486023,-0.2533202974407737
204.2540674,0.1002880077923278,-0.10500686590075273,-0.3330929610512299
204.7540674,-0.053521878095626085,-0.28441356721733735,-0.19385198993121405
205.2540674,0.35127115567051426,-0.1495522803901541,0.15193524994787277
205.7540674,-0.004602769567264644,-0.07279949307025749,-0.0737810017461764
206.2540674,-0.4046008727792499,-0.2133453170201064,1.0538501000241995
206.7540674,-0.05755518828190399,-0.019324309886624456,-0.10958116254725843
207.2540674,-0.1041679307122634,0.1316877376496395,0.49603794318037714
207.7540674,-0.035742150033529534,0.18729874954993295,-0.23893137011797572
208.2540674,0.10758285986459068,0.15337152533026788,-0.048376789875614855
208.7540674,-0.15571299081306403,-0.19250227549463525,-0.36426125174778534
209.2540674,-0.29745787367624327,-0.552832000885719,-0.1500682192972121
209.7540674,0.42594237768514176,-0.22378766909517192,-0.4630929775995369
210.2540674,-0.2114859457663879,-0.0929865820475696,0.14878068247532547
210.7540674,0.3183078508705865,-0.09806521234963117,0.06892571757417758
211.2540674,-0.14961247621053184,-0.0551143118956085,0.07348571977182168
211.7540674,0.23924462207987923,0.10809741401672436,0.42753658991808213
212.2540674,-0.4613224352762104,0.22346791804373403,0.5775125228811457
212.7540674,0.21262417823721763,0.1976804199781624,-0.0468091124075276
213.2540674,-0.3520372305347028,-0.09523654030134013,-0.310762967983226
213.7540674,-0.017485018096975682,0.02401867899950826,-0.43849151813931053
214.2540674,-0.11970916072624103,-0.07977537106260396,-0.41439601085594774
214.7540674,-0.05815060244324318,-0.21512926613813682,-0.003809480187848058
215.2540674,0.32713897577055,-0.027109172627381602,-0.24110348095789091
215.7540674,-0.15606941871358915,0.026099186619367148,-0.5720030791813121
216.2540674,-0.012339900742951384,-0.4751776590699279,0.7893252323716777
216.7540674,0.005163303469584295,0.28921533425163504,0.394301340814784
217.2540674,-0.3118869072189833,-0.4491015415444589,0.043082539396656114
217.7540674,-0.18737066709542868,-0.040544982280318054,0.3165531654724449
218.2540674,0.012853953436332608,-0.112760805541183,0.10600520012345548
218.7540674,-0.15155716798316,0.15262239544048278,0.16805849289338115
219.2540674,0.4092742929226887,0.07092640474781912,-0.16885130632742912
219.7540674,-0.18590466827509924,0.2756499961164745,0.02160964251879383
220.2540674,-0.039272959716227476,-0.321199581812067,-0.38403183794899404
220.7540674,0.6230367784739486,0.14913662168454223,-0.032532594413033585
221.2540674,-0.634536023962897,-0.8020773617628072,-0.8165512751823387
221.7540674,0.3549707333627447,0.01762311359378329,-0.1712964309115868
222.2540674,0.04526619716326294,-0.5570688325407854,-0.20337370570283356
222.7540674,0.591031191252624,-0.48138460478654893,0.08617556856706737
223.2540674,-0.42365531337416484,0.021154952895913844,0.36545713822609704
223.7540674,0.8687909163041379,-0.08960637325841332,0.512849807679371
224.2540674,-0.8055746056290078,-0.612930613539109,-0.0460603584984232
224.7540674,0.25769742591666434,-0.001835917061314778,0.48673436415760934
225.2540674,-0.4273685885163118,-0.015647688543749923,0.2681940186923826
225.7540674,0.1471010548286308,0.12306758977659615,0.3102598497120848
226.2540674,-0.2024431181766593,0.19765848122777896,-0.15764092988817052
226.7540674,0.2954603519462137,0.13271657348945318,0.21703296661463148
227.2540674,0.1714724120558038,-0.15556696014701815,-0.875137190057447
227.7540674,-0.7117744272180876,-0.1671435603926439,0.04633125696397942
228.2540674,0.12844244100631907,-0.05310821918406971,-0.46713305545411954
228.7540674,-0.15247444672099297,-0.29479740505406554,-0.3587990227072151
229.24849046458334,0.402263124168811,-0.11471353123296935,0.05746175603376565
229.76410652608695,-0.07584545176297633,-0.30520742001109324,-0.30072753455924
230.2540674,0.1469070944432549,-0.3076084364592595,0.048971785904397505
230.7540674,-0.038916548885593795,-0.05083183485708656,0.4625739528854137
231.2540674,0.22167439645822465,-0.17180360514971763,0.1720338594467174
231.7540674,-0.04332941529494737,0.17900248270402386,0.6098773961058916
232.2540674,0.1991768659152913,-0.07741932283047584,0.3813162406206743
232.7540674,-0.3918692716449078,0.15588898006739949,0.08330822151342412
233.2540674,0.400543584056295,-0.17617596973430058,-0.21138288873547764
233.7540674,-0.008555301566166861,0.23827123367271297,-0.4626509349834294
234.2540674,-0.15497120211390805,-0.17603073115313728,0.10710776210101573
234.7540674,0.2269502018626307,0.07036280568551777,-0.3163050781611072
235.2540674,-0.2633794652638363,-0.4948955800041677,-0.21270114584103827
235.7540674,0.6679995673685671,-0.02925692253967914,-0.2930075056026834
236.2540674,-0.31151828796334496,-0.16739963180449297,-0.1441646154089496
236.7495545897959,0.3666939723014828,-0.0924456479563635,0.0651533918301035
237.25590491999998,-0.37757823752365177,0.0965184455515894,-0.034462886590453205
237.7540674,0.1905834286888469,-0.13650014991592546,0.1711135431211018
238.2540674,-0.3925676689897594,0.08629556469287149,0.262425969608039
238.7540674,0.1937671195698041,-0.34693843841276184,0.22353395826089062
239.2540674,0.006944000520319651,0.026451759097856416,0.3818781999145919
239.7540674,0.1954462135286092,0.08244979775634954,0.283430430558416
240.2540674,-0.6375762725709406,-0.10792438816408509,-0.1736422304841455
240.7540674,0.4199749369285815,0.20005372830851942,0.6700445930937653
241.2540674,-0.2400299538182148,-0.14167607524124226,-0.5992298168166049
241.7540674,-0.14022927336646565,-0.05403595227356955,0.18633382208357246
242.2540674,-0.5525485042110876,0.27571281007668796,-0.1440801612227597
242.7540674,-0.23343844760771582,-0.29930345245095524,-0.14464407107479996
243.2540674,0.33002942093282384,-0.25528606649054103,-0.5952786460100797
243.7540674,-0.06456305764224553,-0.48396080084157345,-0.3767603077998088
244.2540674,0.15462182991972054,0.2100606958723479,-0.29365498566825005
244.7540674,-0.14708650930645856,-0.23002960871936934,-0.12964581642158202
245.2540674,-0.07120777720175403,-0.48948964101617315,-0.4039055482943815
245.7540674,0.06718671625870017,0.09933161923601597,0.5474882026992026
246.2540674,0.32598798597122153,-0.5393293931715458,-0.11608229352624226
246.7540674,-0.16269722285068305,-0.0351138127725742,0.5788222481020662
247.2540674,-0.09957863457505274,-0.5585261978399978,-0.07119711117909079
247.7540674,-0.15754391870642695,-0.0061773589516876315,0.6459605473199957
248.2540674,-0.049720421251203406,-0.3889427191086325,0.1669369101240136
248.7540674,0.294348067749029,0.1482373567053247,0.21845354522005592
249.2540674,-0.026694474283119333,-0.019396177536060853,0.18975253979880158
249.7540674,-0.4492545405898663,-0.007200692178366088,0.02762322129926975
250.2540674,0.2264867144283829,0.13555935010014417,-0.06144233035898143
250.7540674,0.13089851389835394,0.12993357735230013,-0.3975330915439325
251.2540674,-0.16529816126045563,0.140314773660266,-0.23274669145779495
251.75406722,0.12753945774468822,-0.2279128519531496,-0.40855417136061056
252.25406719999998,-0.2557989485220353,-0.25383450339630387,-0.13098465234471873
252.75406719999998,0.19644216703011108,0.04570068768910733,-0.27538673645118544
253.25406719999998,-0.21284684123588105,-0.18547148279894235,-0.16813826653386646
253.75406719999998,0.3148571808267295,-0.06388944858680533,-0.23971307162306285
254.25406719999998,-0.43033196113310057,-0.16700660901520883,0.29651215332976444
254.75406719999998,0.2623232547432907,-0.17981847356694,0.2222356294787518
255.25406719999998,-0.06392962553189094,-0.010331540864591317,0.39251580472705155
255.75406719999998,-0.13882317432020186,-0.13022126032819442,0.19559828184427158
256.2540672,0.12579826174379397,-0.06315243575392727,0.33273616484463053
256.7540672,0.07037664944003835,0.04839637177909513,0.1727568138795562
257.2540672,-0.45050045099702646,-0.11638870390199817,-0.07009187368591635
257.7540672,0.2939818985962466,0.2618321610780158,0.24850674807010725
258.2540672,-0.034063172241321424,0.13349587618580663,-0.4289327818633801
258.7540672,-0.16758936669902272,-0.023875628238389356,-0.007066925403115682
259.2540672,0.003151670728552327,0.05053490700672754,-0.3998801194277704
259.7540672,-0.19853066793238164,-0.2604472013731799,-0.056242064965283875
260.2540672,0.34035068045398803,-0.20039770772569376,-0.5747480198987273
260.7540672,-0.19913781175328524,-0.37140586010374804,-0.3020879952576336
261.2540672,0.22211712788677024,-0.09936749528237993,0.042655474600788994
261.7540672,-0.46016653432051235,-0.1002974016584937,-0.20343743124194652
262.2540672,0.4057556504095137,-0.1716081718295471,0.2677176138839
262.7540672,-0.347283589401852,-0.1424830098393962,0.4501138079697153
263.2540672,0.17643276138589223,-0.34101360350348203,0.14987626881847496
263.7540672,0.05201601776179426,0.11763954759425868,0.19419705686745523
264.2540672,0.08493001150119145,0.043666581174221085,0.33572292129281484
264.7540672,-0.3023689912182016,0.35269125152800684,0.25118621200140157
265.2540672,-0.10332837880489781,-0.13430669867378703,0.06622925293873429
265.7540672,0.06239538729161989,0.20337301338470593,-0.3554474451359747
266.2540672,0.07395400360430462,-0.0739510704426613,-0.3513341351798587
266.7540672,0.18973175588707036,0.007074512597738665,-0.49071327133374465
267.2540672,-0.4028450428581595,-0.2415818342393971,-0.03897276489249132
267.7540672,0.3687402155347155,0.14874589416945352,-0.25270907807255094
268.2540672,-0.13575471945924403,0.0651829983980869,-0.24296477617796636
268.7540672,0.05483479301034691,-0.34344905230089295,-0.03203710755385598
269.2540672,-0.4913780200909201,-0.17890368095271683,0.030936030395749336
269.7540672,0.13556356236003392,-0.21258156320046528,0.09361059400409488
270.2540672,-0.1793759727832455,0.15070710924616532,0.40741190020464335
270.7540672,0.25893910349903915,-0.5185633620959323,0.02493174370528534
271.2540672,0.1066005762648463,0.05060760261842855,0.4043483189807193
271.7540672,0.008835269999005841,0.05065887485325289,0.2589767536465554
272.2540672,-0.25189399661593187,0.029343607216955628,0.07552426571178955
272.7540672,0.22272814831072815,0.21722637785330803,0.20137623967751064
273.2540672,-0.11636398196874455,0.22775373592054574,-0.17823666396997362
273.7540672,-0.14809523337913802,0.06957146047922555,-0.05518351853147323
274.2540672,-0.09892127748424852,-0.1657472430624062,-0.3404223914115673
274.7497560227273,0.1193643591403793,-0.2869285129262058,-0.025232914397232034
275.2490672,0.008623677794436242,0.07303922188774177,-0.5321033036245827
275.7490672,-0.4027436658586057,0.01106263897772034,-0.1649494446377162
276.2490672,0.4827236327715838,-0.34573851411722123,-0.6336829208513667
276.745861675,-0.3184877521095176,-0.17618754062909558,0.5017187627720501
277.26249312608695,-0.01055290077887676,-0.7014633700209696,-0.44846281749583466
277.7490672,-0.10486485763383625,-0.011627986917652336,0.43766085010857225
278.2490672,0.1837548517148198,-0.2810115341881138,0.0011680735946536026
278.7490672,-0.6991508302606073,-0.0677450698916838,0.30278752559661226
279.2490672,-0.3458268396955793,-0.3021008706163435,0.6231740801222846
279.7490672,-0.08216047377142971,-0.0009703771656802873,0.2430255701405744
280.2490672,-0.055156025409612425,-0.4097027066927844,0.2629890425280926
280.7490672,-0.25056946644639966,0.09872706288271552,0.14255024839633976
281.2490672,0.14286921862201057,0.17080510034440485,0.2955627980960373
281.7490672,-0.08427192580321854,0.2579568654490075,-0.4636958380337473
282.2490672,-0.042817589793075615,-0.12953251530845528,0.24437985430386447
282.7490672,0.048199554042920666,0.13419016609449183,-0.297849367002993
283.2490672,-0.03010729614289259,-0.8314224520079199,-0.18140076950700756
283.7490672,0.3229271552657044,0.020119373747532573,-0.6333269853689028
284.2490672,-0.12747412472656156,-0.3188306330534946,-0.6539179625140835
284.7490672,0.18967722742777282,-0.13617507709425686,-0.534913965865198
285.2490672,-0.4334865301826605,-0.25114640115725684,0.2467338910112705
285.7490672,0.26988305660882667,-0.6263063543114807,-0.09574195702851584
286.2490672,-0.09075271526740263,-0.1469796852243869,0.4620716677157954
286.7490672,0.05991740146357177,-0.5388113107230545,-0.032021130808402846
287.2490672,-0.019747484340711587,-0.007895774002870747,0.7838522305460836
287.7490672,0.14743309829323153,-0.319666188550177,0.08202913576285153
288.2490672,0.36640687478035533,0.11922998641072409,0.6392848814203902
288.7490672,0.05964149187798327,-0.4155379665523544,-0.0019378325436596633
289.2490672,-0.4180855436270187,-0.0408315513693029,0.035484285920008116
289.7490672,0.06613709480233583,0.17104799544448995,0.15324161328273625
290.2490672,-0.14474193726998758,0.34162791877546034,-0.4481553933308311
290.7490672,-0.3422072492593811,-0.12672613985585465,0.09275402606455913
291.2490672,0.28103269904205863,0.05510891556034554,-0.7624293025179166
291.7490672,-0.14579141471589227,-0.4344861997704497,-0.08808131396223161
292.2490672,0.32645948718918727,-0.17224133731162694,-0.47968574001713343
292.7490672,-0.5889744240360928,-0.13619230954593028,-0.04405777438393317
293.2490672,0.6310356169266675,-0.7166874712453892,0.1907047282371252
293.7490672,-0.37922981751200135,0.05058228681660117,0.11051313264396079
294.2490672,0.14959528418029674,-0.2535462588689755,0.11958838387498362
294.7490672,-0.170838082020649,0.019685992688878086,0.3096456244932026
295.2490672,0.24161329368357853,-0.059658951109905295,0.38459184368399435
295.7490672,-0.3855429290794937,-0.0799918299567189,0.06046175524524719
296.2490672,0.38854801104808423,-0.005822484573891611,0.5641113021233396
296.7490672,-0.7237503040390456,0.020761388544413294,0.0477839671815664
297.2490672,0.19677526312069168,-0.23302030391882336,0.1440174878070762
297.7490672,-0.7591387950150055,0.004722052502400222,-0.5150468296641698
298.2490672,-0.45114250962794444,-0.09725996966278645,-0.5216773420148813
298.7490672,0.06820543700792334,-0.22916346618508895,-0.5666876888449609
299.2490672,-0.20425771113294153,-0.5998650932354249,-0.556557576035696
299.7490672,0.5884612812991389,-0.07999974303600227,-0.38842322299270327
300.2490672,-0.47235464308074726,-0.2167747513453882,-0.027311071317334346
300.7490672,0.7543934641963099,-0.17869828631528306,0.08077556713015127
301.2490672,-0.3719695604187176,-0.2043756188732894,0.18174235903290112
301.7490672,0.4612432985547165,-0.3538248879322168,-0.3855514935063553
302.2490672,-0.23410039243547057,0.06975901355793514,0.29674610687950254
302.7490672,1.356043479505959,-0.5808029427404129,-0.05221298871377682
303.2490672,-0.37710559247457837,0.036033286259147264,0.33700431764830213
303.7490672,0.4580220840386965,-0.49670621211124094,-0.3506886812160599
304.2490672,-0.8653167896629516,-0.202605764799425,0.2075408761089244
304.7490672,0.8363523142463145,-0.43512109813239247,0.006620012945041491
305.2490672,-0.9210592380639452,0.17590596390484092,0.5144356227239597
305.7490672,0.6788227782666845,-0.9440869944807488,-0.047773229392074866
306.2490672,0.3696224149927589,-0.19814403026025457,0.3295889052006041
306.7490672,0.3828600274938666,-0.47427045301417065,-0.21077627035836713
307.2490672,0.24068994164276794,-0.41475619740790004,0.6375198331251279
307.7490672,-0.46111390339436686,-0.08708221928106491,0.069407473196214
308.2490672,-0.4080445383319322,-0.16756042964822623,0.20420184951344936
308.7490672,0.3668474056748427,-0.43370753387697014,0.3653151137896184
309.2490672,0.20186668203552982,0.10011684145397966,-0.11469667544823305
309.7490672,0.29388472940250704,-0.39439619048825314,0.6345737160422132
310.2490672,-1.1125904265705207,-0.24750245105363775,-0.4320933923327989
310.7490672,0.39549959148069463,0.06480566901963859,0.35350607524020006
311.2490672,-0.9621883170587416,0.07534181723890758,0.09803786072713322
311.749067464,-0.016891874084149817,0.26120717759230017,0.63159638645417
312.2490675,-0.6858377932137114,0.33314681155697073,0.29298331020725404
312.7490675,0.02943362198099553,-0.278610216429143,0.5273384805421792
313.2490675,-1.7794228386156385,-0.3225781406752553,0.021045514179310096
313.7490675,0.4285693091071893,-0.27269863295745234,1.003486582670196
314.2490675,0.04563585493063387,-0.2602368625321245,-0.6944995467307797
314.7490675,-0.00287620151285898,-0.6543551119484872,-0.26929184001552214
315.2490675,-0.07487921283909517,-0.5292402072625224,-0.5811839077289549
315.7490675,0.2183037578255007,-0.28922686842851175,-0.16733026304830706
316.2490675,-0.025888791132907377,-0.2504636557970839,-0.0016370548183176137
316.7490675,-0.4112729705813697,0.24611935929412201,-0.22626680041223468
317.2490675,-0.33695393400111806,-0.38123759445244687,-0.24062152785779425
317.7490675,0.6008810459718261,0.025906775022028868,0.1560173225829979
318.2490675,0.11306884848850558,-0.7821679772520506,0.6077217345313237
318.7490675,0.6563499131080321,0.4379247067043304,-0.021080277203611397
319.2490675,-0.2659063280569538,-0.6009100420335565,-0.4789496913042729
319.7490675,0.30222359422738415,-0.1367721071962489,0.46745940588700263
320.2490675,0.12715047971324414,-0.2267581858538783,-0.364712869537077
320.7490675,-0.5213195735537954,-0.3515104807651934,0.7955187572056971
321.2490675,0.677868850533659,-0.11509317058717686,0.2947879099593234
321.7490675,-0.22913683976759355,0.007362419460413037,0.23863400071606758
322.2490675,0.15128366245205263,0.1692777442632311,0.15938516544176518
322.7490675,-0.42122941092025223,0.024372430307363243,-0.2316836248050238
323.2490675,-0.2998944895862584,-0.43187480727320404,-0.41597590942233625
323.7490675,0.11251182897976539,0.6471615323949425,-0.2374345151508193
324.2490675,-0.48200494400187915,-1.1035309105783344,-0.7492819848667972
324.7490675,0.6971848073217507,-0.016015882131056557,-0.255061731326021
325.2490675,0.05269646995723978,-0.23352878753346654,-0.5071335748767042
325.7490675,-0.047641994341358025,-0.13041729037628494,0.25422728950468065
326.2490675,-0.2386816252143652,-0.16873530714701385,0.5795246364424793
326.7490675,0.2745479477019645,-0.29662108049912805,0.14616900444578337
327.2490675,-0.2661950445526222,-0.4092790341009404,0.5563051866152745
327.7490675,0.5914700053141672,-0.08031916111125892,0.23243363695952973
328.2490675,-0.39090401955925835,-0.08404484961499453,-0.23579842465846554
328.7490675,0.5891163651820933,-0.03286716023798092,0.6203969748760225
329.2490675,-0.5734136582213035,0.39242299698685335,0.21510006369892626
329.7490675,-0.13100971133692638,-1.0475468711399847,-1.2973216896228237
330.2490675,0.27605170637824217,0.7096715660012649,-0.5014061323240633
330.7490675,0.07107342272596472,-0.49244013341262494,-0.07158109550093027
331.2490675,-0.18154507578302045,0.5074773737121966,-0.4161306362174004
331.7490675,0.11415167854706701,-0.5009352357719129,-0.07009845570768952
332.2490675,-0.4238828473739043,-0.30402127077490027,-0.40498492478153414
332.7490675,0.17172255731535366,-0.14262366321295722,0.27551029440642
333.2490675,0.586122539630935,-0.22641929898571408,0.2650419141634658
333.7490675,0.05386399624920293,-0.4312236129206877,0.1970140725433721
334.2490675,0.45434646228717473,-0.14558586366393186,0.28145841253652487
334.7490675,-0.6004370681007227,-0.2886793660113598,0.404140426048548
335.2490675,0.031449553206055275,-0.32107531548009016,0.20797677971630946
335.7490675,0.06588051530682382,0.22285629619901406,0.6078538200629223
336.2490675,0.17462721525055044,-0.10653022646468756,0.10273616987255269
336.7490675,0.2006280575028418,0.2227130992942306,-0.4237568380931138
337.2490675,0.319185569918018,-0.5301217962559249,-0.2512320243188611
337.7490675,0.8806373144288037,0.0957825412646984,-0.3697958694284557
338.2490675,-0.16520280055790215,-0.6196425056706666,-0.6292225622414153
338.7490675,0.191262620976097,-0.3201846846048314,-0.03552518603761281
339.2490675,-0.26053837853754463,-0.4269863364378249,0.08308216848134617
339.7490675,-0.00237236144414424,-0.47006937113081193,0.16262284430409124
340.2490675,-0.31330320343680484,-0.29696488766385337,0.721668338906735
340.7490675,0.28548818431547235,-0.26611153359577666,0.16616614199108734
341.2490675,-0.4706169545788971,-0.202039528001014,0.592503977590295
341.7490675,0.34406462724247744,-0.2386872712884796,0.5566550682501035
342.2490675,-0.4542954320319714,0.07968762423270286,0.04296639988785209
342.7490675,0.7947473771295289,-0.3354944976206161,0.4136064980436763
343.2490675,-0.3592438949018971,-0.20932951958577786,-0.35214636879319683
343.7490675,-0.2069934819480936,-0.4273848467857858,-0.5195621708488983
344.2490675,-0.01639636537415866,-0.48113523982924133,-0.7386472530328443
344.7490675,-0.792139633127734,-0.8749585150147801,-1.0767618083807649
345.2490675,-0.014426507166375932,-0.5265639738339822,0.03964915243386842
345.7490675,-0.586187094748003,-0.7536250527350897,1.3472353330099074
346.2490675,0.5513121099503127,0.13200065329769553,0.010222407113572932
346.7490675,-0.5409579276739688,-0.7587452509245037,0.668452973993346
347.2490675,0.23726382964467274,-0.027395164854742946,0.7057042116043931
347.7490675,0.19721786028168153,0.37104585107703447,0.4055784463671992
348.2490675,0.25521374890942966,0.1846749848073579,0.029595639148927298
348.7490675,-0.754894336686023,-0.5928565527444957,-1.0888879162381226
349.2490675,-0.16035397820929248,0.09672854740757673,1.0201510534284393
349.7490675,0.35006609557461593,-0.35277049326110665,-0.0774479106225553
350.2490675,0.08328496233656671,-1.3719003319624314,-1.32245058550411
350.7490675,0.17747450524553027,0.10707369567031857,-0.48484764667599445
351.2490675,-0.4111732978867545,-0.44971950108232805,-0.2551953241470529
351.7490675,0.5440134237331697,-0.5573956084003955,0.6342175871212234
352.2490675,0.1604001537856182,-0.2476428245065729,0.3730119253317997
352.7490675,0.2009541833111454,-0.6469059132236842,0.9167247224406657
353.2490675,0.014567165503147694,-0.36015853657072566,-0.08595574954875666
353.7490675,0.315924733554772,0.1867438928559383,0.48233640301898134
354.2490675,0.2096668679479291,0.20797411996311677,0.06275778827714988
354.7490675,0.034773879159609715,-0.07159162496123525,-0.14766859897205536
355.2490675,-0.1159771740127576,-0.3850357816699276,-0.7722272395571744
355.7490675,-0.4859439742663184,-0.4723090876177234,-0.4418139358608367
356.2490675,0.15086928702964086,-0.0354397174992974,-0.1468967737819028
356.7490675,-0.2446349684096463,-0.3388596689721346,-0.5422302518930927
357.2490675,0.500715590582364,0.006970182082263392,0.4172204502781272
357.7490675,-0.5747058772045558,-0.4523222860050076,0.7939073376086921
358.2490675,0.4177951633140565,-0.3038289685934927,-0.4453887406540849
358.7490675,-0.30987276277512715,0.021396516631517107,0.5561644369913166
359.2490675,0.2701990525912537,-0.09889165126403786,-0.3247055109067522
359.7490675,0.3824247777678731,-0.32719148763049616,0.9016025790463666
360.2490675,0.1896743112661892,0.17997981670728286,0.5330815879926348
360.7490675,0.39730865747997823,0.37488952595008107,-0.32031190951883615
361.2490675,-0.07951682222038946,-0.19372087885405048,0.06908634206599247
361.7490675,-0.24517284342934292,-0.32732268872064524,-0.7723066635726406
362.2490675,0.08173763177269062,-0.5553128973167276,-0.4514990891581674
362.7490675,-0.12582753948124786,0.09869038468747832,0.16593865562772833
363.2490675,0.10305400679381657,-0.813279343947997,-0.5972412860937323
363.7490675,0.1817331832293627,0.09577798861959629,-0.13425520993208034
364.2490675,-0.2754859323144139,-0.22666860867883287,0.1764715996006466
364.7490675,0.22600009361799203,-0.5782620532394253,-0.31873987349888927
365.2490675,-0.3383937998903167,0.0002905730239719406,1.0382107702553096
365.7490675,0.12493224761398272,-0.10305580948451384,0.34525639126218605
366.2490675,-0.26343112719869066,-0.0796014152089303,0.12484214494185925
366.7490675,0.19444755678501488,-0.24192266810655635,0.465923204927751
367.2490675,-0.14032919887839515,0.5040352632868317,0.24096304354628487
367.7490675,0.688282682713265,-0.2940115107116762,0.022609783880051495
368.2490675,0.4918675108855186,-0.11924956506198715,-0.7499763068601952
368.7490675,-0.035400723215034985,-1.1505830541943842,-0.6034788019240093
369.2490675,-0.8055184013303572,0.3467468606789329,-0.733944931223428
369.7490675,-0.2488926941641706,-0.9615012342378381,0.21364557864608646
370.2490675,0.6712404880070402,-0.46163160448106966,-0.0013850155374800898
370.7490675,-0.3281622864340985,-0.2503859136519705,0.8878753257661096
371.2490675,0.024641062619309505,-0.3341626452747357,0.019632324206871984
371.749067412,0.01299933059547187,0.008321242650251057,0.5637359184651041
372.2490674,0.029748109272782514,0.04881096585264116,0.4544563633032758
372.7490674,-0.547016737232953,0.25535737584979357,0.10723693631508276
373.2490674,0.6175261215800796,-0.21716517181384645,0.16102701102172998
373.7490674,0.28082414020461693,0.14903605587130694,-0.3775399828184892
374.2490674,-0.08203601031110003,-0.42310895716839864,-0.8517944391142582
374.7490674,-0.06239859939525719,-0.11454883816558759,-0.3646770284121026
375.2490674,-0.12857656284412497,-0.14028254904212817,-0.0326821837919153
375.7490674,0.3778738034364048,-0.16364195267385745,-0.14100124826588256
376.2490674,-0.3788630619658266,-0.33156998492308204,0.39296191544093645
376.7490674,0.4546581502271521,-0.04299834192155038,0.12496570348164467
377.2490674,-0.3970995541320296,-0.18234702470515213,0.39689531552945306
377.7490674,0.1172759258600931,0.11649415487855119,0.7115056772113477
378.2490674,-0.30406077158939854,0.05413833007530546,-0.11406010752158316
378.7490674,0.4658135533858749,-0.029658688564953864,0.07368714019925805
379.2490674,-0.5035518942057831,-0.17742203059392053,-0.5092567841475616
379.7490674,0.1456841812604514,-0.5331572310348868,-0.8516693974882397
380.2490674,0.1431665776606321,-0.33773626987217276,-0.3723061952100213
380.7490674,-0.3287539846382149,-0.3288797504919549,0.07435655631282356
381.2490674,0.3409231172224904,-0.27631188374693333,0.1002190895529283
381.7490674,-0.2479839336081179,-0.1892656646480276,0.7311404316580079
382.2490674,0.5291562574701446,-0.08648372251141499,0.1252843395943344
382.7490674,-0.3152658351299793,-0.03138758781210713,0.2427500443176769
383.2490674,0.3103697924227732,-0.03517769653693214,0.13647486058590888
383.7490674,-0.8050577332792634,0.2747312250655649,-0.19838791558020163
384.2490674,0.4828116416464485,-0.06752017124500709,-0.33045627248751386
384.7490674,-0.014658949916705457,0.02983463647551705,-0.4486928105251232
385.2490674,0.047297494268250084,-0.2679074207769827,-0.10401286057443908
385.7490674,0.08803740093165556,-0.13644433467047146,-0.2090693925915221
386.2490674,-0.5354813268782137,-0.02175242288871522,-0.015337592041340588
386.7490674,0.37457190763768244,-0.21921484523261653,0.24268593329033405
387.2490674,-0.26065101575878374,0.017870909369832412,0.4163527010845192
387.7490674,0.2986093504452575,0.22518801466841776,0.2589664684528755
388.2490674,-0.9336640854512435,0.03741852387819488,-0.08515534629750852
388.7490674,0.3018580424646857,0.215011957095662,-0.349250988124043
389.2490674,-0.0126000332263489,-0.24743243835996925,-0.5647452875192479
389.7490674,-0.5256038450777234,-0.007843097027525517,-0.3887510174890894
390.2490674,0.08955228085575,-0.1505819283138269,-0.133670847647885
390.7490674,-0.04535856114540811,-0.16892489916940634,0.36773249789907153
391.2490674,0.13099333315780565,-0.09433079482996547,0.27083501231216855
391.7490674,-0.09407957209175571,0.15401812497111583,0.4174582007015897
392.2490674,0.03911709460945654,0.08703362321338268,0.222453772287318
392.7490674,-0.006981885796944245,0.31351779718155065,-0.6337881777529815
393.2490674,0.04664914119568468,-0.1348675830432557,-0.07156226264563609
393.7490674,-0.12133205185709102,-0.04709808721265869,-0.3697444805464181
394.2490674,-0.035897696454504115,-0.3130008788375571,-0.11591578738965193
394.7490674,0.21476252998731651,-0.1374908705294218,-0.05087421002663167
395.2490674,-0.3683699561962491,-0.0033325063484275184,0.552388228484166
395.7490674,-0.142061323011546,0.19625590016856997,0.32665949751313356
396.2490674,-0.2012743222125254,0.045472534922503416,0.1458310957800574
396.7490674,0.17125069689443395,0.17988507905973286,-0.5662500375297412
397.2490674,0.4586658328715675,0.0464815051853255,-0.21947488781141
397.7490674,-0.06305961943353988,-0.09208709499043788,-0.3494656640549578
398.2490674,-0.29029747990237054,0.015431069449084438,-0.3356691517263048
398.7490674,-0.10919677525747908,-0.23781836818025825,0.15785836815474172
399.2490674,0.03948137248186578,-0.18705207449603045,0.24727805549710935
399.7490674,-0.1946435747520881,0.024415157073675343,0.3085036462477596
400.2490674,0.16799299070694698,0.06190611375422021,0.30062184829784516
400.7490674,-0.2080016709502719,0.22740837976512615,0.2191797166801125
401.2490674,0.20446956758877516,0.2509448853703801,-0.4400261055973563
401.7490674,-0.29008245190821574,0.04661037765737826,-0.4900889225705
402.2490674,0.22398496244342275,-0.2003724894627606,-0.06381191696988608
402.7490674,0.468442654550837,-0.18538570396921275,0.014327477104062165
403.2490674,-0.2253969319721183,-0.08549888147731523,-0.026394995298053604
403.7490674,0.9284899577966148,-0.058488755751330695,0.0633934885105722
404.2490674,-0.44495214352897655,-0.09075500214231852,0.911518156205002
404.7490674,0.5130825449980678,-0.13613946637939944,0.013028532073824461
405.2490674,-0.4068597073303198,-0.09741520134139535,0.11056402679679525
405.7490674,0.008971577015665186,-0.04502311192650728,0.08011640656929966
406.2490674,-0.33566168673253294,0.23769730998552352,-0.6506615464889116
406.7490674,-0.08342232237652737,-0.266921611597044,-0.2341840908750876
407.2490674,0.3475252502187838,-0.18441019334545244,-0.38615268848078105
407.7490674,-0.31378919068354316,-0.35494625325105944,0.1477639802632665
408.24456850416664,0.2474891939917524,0.03126316648000937,0.2287412123299998
408.7637574723404,-0.5381921366733436,-0.16670483987637358,0.47648192241076714
409.2540674,-0.29743252412561644,0.12350920894354893,-0.08636148067796963
409.7540674,-0.08856155397347487,-0.13143078836799582,0.24919101845604047
410.2540674,0.33521372387184706,0.17876138838592234,-0.33366964464861815
410.7540674,-0.43816676921864606,0.24862555037222506,-0.5130621040145862
411.2540674,-0.09657656735486053,-0.36770550511491734,-0.16258364635185607
411.7540674,0.3335174465706451,-0.234375607980428,-0.1531386234690195
412.2424450795454,-0.11040874559821492,-0.03365613933985143,0.4406600331507356
412.7490674,0.21528797005826397,-0.028096206678722445,0.03723896317051002
413.2490674,-0.42364955264329884,-0.08779512867158257,0.34921141923534277
413.7490674,0.28554901214211087,0.12941203928668848,0.1546782842321594
414.2490674,-0.17182435010004526,0.40737078765462165,-0.05947867528905359
414.7490674,0.4674409423047212,0.4315264847425664,-0.918565536364372
415.2490674,-0.5036727587802833,-0.19043142657357834,0.08837028075684124
415.7490674,-0.27737720613066696,-0.14575818795431558,0.6042410638886112
416.24457906530614,0.36019334944868175,-0.3542730678080767,-0.5610109698959637
416.75582005217393,-0.2452853692136585,-0.07512798985542127,0.0029929430084791584
417.2540674,0.26297843246574,-0.03734168370087504,0.5061154451075105
417.7540674,0.04034030866746741,0.05320165172613274,0.14080379037700286
418.2540674,0.363870378295709,0.3452468633186399,0.2676785918048637
418.7540674,-0.42265983234268695,0.1617187338907574,-0.14730137526538592
419.2540674,-0.03684214749709043,0.16287879205427394,-0.348461393646862
419.7540674,0.22091701957077534,-0.14933922456000578,-0.36002179270639645
420.2540674,-0.3600033542140425,0.059944622676867704,-0.13003188019690948
420.7540674,0.21698916950736036,-0.14866184610965064,-0.33890471574440917
421.2540674,-0.3436655219159607,0.07923910527759949,0.3531104359559554
421.7540674,0.6106820513776365,-0.19878264940562404,0.37266048528253576
422.2540674,-0.3446621015616933,-0.10417245937909528,0.1824572658809758
422.7540674,0.1345455282961588,0.09777701344794189,0.11138287494336645
423.2540674,-0.5875960497982273,0.054107744013117694,-0.0267570818063837
423.7540674,-0.40112400153282196,0.03759932090533028,-0.33532521768502077
424.2540674,0.33621386177663865,0.039896703621099594,-0.45383871275873894
424.7540674,-0.14222039694240513,-0.41909874487522025,-0.14520302771628224
425.2540674,0.5843173260873805,-0.19384853298576782,-0.03281001492749748
425.7540674,0.18419810232856734,0.048035221424330116,0.5650525506879935
426.2540674,0.9784998613406857,0.2413633592241778,0.18046698957328794
426.7540674,0.05476700046325746,-0.23174014538667387,0.15698637652544395
427.2540674,0.803546281493559,-0.24153626180971025,-0.0507004466847659
427.7540674,0.5255481529164837,-0.9106568999693492,0.38380842733683634
428.2540674,-0.49020712893021434,-0.40542419728142465,-0.3835138170443175
428.7540674,-2.27828090926767,-1.2881662119907387,0.34423833057739694
429.2540674,0.9453044524042937,0.17289061737321046,0.9748539151788339
429.7540674,-0.9257385340154197,-0.2092651924460742,-1.1981540892265512
430.2540674,-0.14402768710992486,-0.19671241477245757,0.056693929022134916
430.7540674,-0.11510352843527766,0.005652106043574643,0.5457789193321668
431.2540674,-0.42031500142553235,0.17003817673437774,0.9632926834664453
431.7540674,-0.19245638456475736,0.35446310814426313,-1.5196399002943304
432.2540674,-0.4291067676648765,-0.8687040454247268,-0.026631060379646226
432.7540674,-0.5081097323491793,-0.2486676319013718,1.0293433259753102
433.2540674,-0.5585292234315817,0.6598158109079603,-0.6406724249078374
433.7540674,0.4800862593522062,-0.3482335711735155,-0.49758457607878975
434.2540674,-0.15013806921329928,-0.16277796163244174,-0.15578660157236865
434.7540674,-0.21271200326636577,-0.22417374055241113,0.39999277973074493
435.2540674,0.24617495434165107,-0.07176395713842845,0.0784686637617459
435.7540674,-0.4638954975598977,-0.18783271059738874,0.48487683557419814
436.2540674,0.05005486190599658,-0.4010873500122121,0.5841224210383222
436.7540674,-0.3600092698310257,-0.4639239058933169,-0.12139793773337214
437.2540674,0.8227256662380011,-0.06802716073390169,0.15636291289819548
437.7540674,0.1860624654533045,0.20326907008107672,-0.5917784191956218
438.0790674,0.10681323050934283,-1.6488832218054104,1.416712277580563
