Time_interval,Time,Acceleration_x,Acceleration_y,Acceleration_z
0,0.263108348,0.2478938723940625,-0.19515152523583335,-0.4058274030308333
1,0.7531083479999999,-0.1977701187494,-0.0902621205078,0.058675928132399996
2,1.253108348,0.34350552289482006,-0.062556384236,-0.35507793425622
3,1.753108348,-0.10968989193206001,0.1168152892544,0.09285367963618
4,2.253108348,0.17566455127153,0.11266453742443999,-0.139351806613
5,2.753108348,0.27838494417660004,0.048316993116,-0.25984242436154
6,3.253108348,0.43257362367139995,0.29542378424584004,-0.35090632439456004
7,3.753108348,0.5364604183999,0.2166130304334,-0.04811658855758001
8,4.2531083480000005,0.3950962567476,0.26278290033294804,0.4552378750576
9,4.7531083480000005,0.369160597929016,0.48176966903898,-0.3433167172076
10,5.253108348,0.40643655955956,0.23848109245922,0.0758544921844
11,5.753108348,0.31250893145188,0.20094257355032,-0.2675261115904
12,6.253108348,0.08354038148368,0.08327467441570001,0.19904346467348
13,6.753108348,-0.014205451009771997,0.05531404972491,0.07976198195940001
14,7.253108348,-0.16746924340846,0.0802428245522,0.0853966522482
15,7.753108348,-0.11961487904314,0.0508674979246,0.0778488921948
16,8.253108348,-0.021396042853099997,0.0326608109487,-0.073102207186
17,8.753108348,0.005345017608100007,0.04236612557940599,0.04210260396420001
18,9.253108348,0.10903194070238,0.038200776577119996,0.0696543312282
19,9.753108348,0.13467812374444,0.04381753683624,-0.0324164772082
20,10.25310835,0.11836341843199999,0.12665227890278,0.23907484052870204
21,10.75310835,0.22067156299819998,0.274854893682,-0.3471161842528
22,11.25310835,0.19763512774883998,0.3231394624718,-0.03755102157519999
23,11.75310835,0.14485261671638,0.16264647007036,0.02779438018444
24,12.25310835,0.050304724721299994,-0.042980265616476,-0.11313790323
25,12.75310835,0.031302713919636,-0.18740925311720003,0.1137154769804
26,13.25310835,0.011589123163600001,-0.07811312675306001,-0.0393372917464
27,13.75310835,-0.01646485045288,-0.00823087692292,0.1600158309988
28,14.25310835,0.01188499935124,-0.12373445987788,-0.021064949029019998
29,14.75310835,-0.0552995508512,-0.10489633559759999,0.080255355839312
30,15.25310835,-0.12389293170712,-0.018369009498802002,-0.06899814609576001
31,15.75310835,-0.07612720429586001,-0.04462385416082,0.10566507339060001
32,16.25310835,-0.0863118320674,-0.035423102388200005,0.026507110584199998
33,16.75310835,-0.087039838130312,-0.005880939959444001,-0.0009050369698400074
34,17.25310835,0.054821777339660004,-0.03436720133236,0.030424709332399994
35,17.75310835,0.12299477577092001,-0.01747354984166,-0.07754346849359998
36,18.25310835,-0.05030893117830001,-0.036672427653599994,0.208984832802
37,18.75310835,-0.04692742645194001,-0.0332679319368,-0.02888645171122
38,19.25310835,-0.01596141576632,0.1124096202902,-0.43102616312
39,19.75310835,-0.006278331339837997,-0.07321921704108,0.5162385749710601
40,20.25310835,0.11383957088900001,-0.009205796727799998,0.04407106400260001
41,20.75310835,0.089615724087,-0.011519336702,0.18484787946460002
42,21.25310835,0.09668979562680001,0.08663774490758,-0.15780424115374
43,21.75310835,0.055118022000539994,-0.012243943213815998,0.0472284507825
44,22.25310835,-0.03306353196018,-0.030163958073379998,0.1944075012422
45,22.75310835,-0.0880802218626,0.02706522226726,-0.07582763672346
46,23.25310835,-0.05258107892891999,-0.111301329135,0.20595060349539998
47,23.75310835,-0.12262969366976,-0.23130727767225998,-0.05372520447584
48,24.25310835,-0.053291954440718,-0.235551688666,0.060805244408500006
49,24.7531076396,0.134773044995,-0.31811997413099996,0.06407032015461998
50,25.25310739,0.16760155454359998,-0.132395613198,0.137610397303
51,25.75310739,0.16090824765874,0.1158033680894,0.29083839415442
52,26.25310739,0.11789760083226,0.2010568213458,-0.1732857132035
53,26.75310739,-0.08205228678986,-0.054067187308399996,0.2282158851566
54,27.25310739,-0.05367895827686,-0.12367359400606,-0.1941630649826
55,27.75310739,-0.04088129840454,-0.29288693189138004,0.336479034461
56,28.25310739,0.06503079235579999,-0.19171923636206,-0.23334069259000004
57,28.75310739,0.263326545284598,-0.25869418859798,0.3845574378702
58,29.25310739,0.8361585748074001,-0.18622630118878,-0.2160250854341
59,29.75310739,0.9460041635954001,-0.11229528189304,0.05523641586205999
60,30.25310739,0.8809845959979999,-0.13046971559146,0.015820007323499988
61,30.75310739,0.6435378479648,-0.089071474073702,0.09334684370639999
62,31.25310739,0.31720812559719996,-0.05655752659094,0.09049287795405
63,31.75310739,0.21203858256153998,-0.032441635133618,0.021190719602599998
64,32.25310739,0.07102259158388,0.10351090192892,-0.10834979057979
65,32.75310739,0.152796170116,0.1527777409524,0.2038574600348
66,33.25310739,0.058292125466840004,0.11696207523644,-0.074785757101
67,33.74525926956522,0.0299530806739,-0.013517535248586956,-0.1677677112980435
68,34.25648229854166,-0.011540571848895833,-0.018563059464937498,0.2513561447405417
69,34.74810739,0.031553008554940004,0.065949018002356,-0.25926267625559996
70,35.24810739,0.0061000949146,0.09666217327282,-0.18826377863520002
71,35.74810739,0.06474078834268,0.045762391093500006,-0.03494104385538
72,36.24810739,0.02629294813222,0.04884193420416,-0.07394006728958
73,36.74810739,-0.05665712714288,0.04522896051158,-0.02796304700841999
74,37.24810739,-0.3166202783630008,0.06739467859164,0.07698015213642
75,37.74810739,-0.39359487480539995,0.10321171641179999,0.052927932733800004
76,38.24810739,-0.47127535522400005,0.0217800748376,-0.370581798581
77,38.74810739,-0.5456059777905999,0.07447289765054,0.1444270228808
78,39.24810739,-0.506635857253,-0.15561534882578,-0.3497100353346
79,39.74810739,-0.4083172899456,0.098768024443,0.4486623001092
80,40.24810739,-0.24904063269354001,0.062394902705039994,-0.0529646301312
81,40.74810739,-0.14721528784478,0.071548516752,-0.1391865825744
82,41.24810739,-0.035825255668025996,0.103882808680144,0.1935205650416
83,41.74810739,-0.03500674100448,0.239034185411192,-0.1950674057046
84,42.24810739,-0.033462866964,0.19362830639336,-0.06937577246979999
85,42.74810739,-0.05375451832946,0.14024704933766,0.205568866720964
86,43.24810739,0.02770557612972,0.16034948348868,-0.1750087546728
87,43.74810739,-0.0013046301910199986,0.1305690908428,0.03462203027080001
88,44.24810739,0.008192040035900005,0.086013698577,0.05882431037039999
89,44.74810739,0.11352831333094,0.12760981559356,-0.3661744689886
90,45.24810739,0.138848155141,0.2070323514954,-0.048767347336599993
91,45.74810739,0.1325961730058,0.24029836654588,0.16988061902463997
92,46.24810739,-0.012300929726,0.32035304070652004,-0.1120600891004
93,46.74810739,0.040790006909809995,0.36563687801379996,-0.120452480348718
94,47.24810739,-0.02057857781332,0.28072548389266,-0.03756118769320001
95,47.74810739,-0.03451899141212,0.31996792793274,-0.1373109626426
96,48.24810739,-0.06519110366,0.41066920756880004,-0.028912258141999988
97,48.74810739,-0.04887494281148,0.867347984302204,-0.007379665319960038
98,49.24810739,-0.1754113906556,0.8563719415497999,-0.40396615976440003
99,49.74810739,-0.0379037082226,0.8498717165099999,-0.25596860888960005
100,50.24810739,0.05233193875206,0.8869442653794001,-0.34452959058699995
101,50.74810739,0.010930923518000004,0.8117991089359999,0.2777794742408
102,51.24810739,0.017625677897639996,0.5949055242494,-0.237273025537642
103,51.74810739,0.019340054641220003,0.5191176462121,-0.13501081464656
104,52.24810739,0.059838728269746,0.5791175293918,-0.0035772895624000007
105,52.74810739,0.05977371155136,0.1998786067872,-0.034714050257
106,53.24810739,-0.046035027540423996,0.45639742849998,-0.002182312011099998
107,53.74810739,0.04704004399949999,0.2784178400044,-0.06332939147996
108,54.24810739,0.005953637809561999,0.32814765453428,-0.0786198997496
109,54.74810739,-0.03759205729764,-1.146824722304,0.1221656227088
110,55.24810739,0.02117901898432,-0.93701691866,0.10218467712120001
111,55.74810739,0.0139052769561,-0.9513222456,0.2517025184514
112,56.24810739,-0.0499432039227026,-0.691098668552,0.021086301779600008
113,56.74810739,0.0340437602984106,-0.561108851436,0.16831424713546
114,57.24810739,-0.025529161688600005,-0.28037569283788,0.019310073863200005
115,57.74810739,-0.012131249902880002,-0.1932974052382,0.058887958524140006
116,58.24810739,0.002011841535792001,-0.09262136459196,0.04220077514827621
117,58.74810739,-0.004284706113940001,-0.036668215990320004,0.0371514511078
118,59.24810739,0.01791715025914,0.013841167688459999,-0.010526447292980003
119,59.74810739,-0.00557006359228,-0.04175261974766,-0.0028576087956379993
120,60.24810739,0.0011213392016680005,0.0013696169855400002,-0.00026592254997999886
121,60.74810739,0.0037379282760620003,-0.0066902494434124,-0.005482025149759999
122,61.24810739,0.00202922165456,0.002628004550996,0.004790153505519999
123,61.74810739,0.0011161586649600002,-0.0036401963235440007,-0.016050128938778
124,62.24810739,-0.0016454268978900006,-0.003336005209379998,0.016231956484599998
125,62.74810739,0.00682615071356,-0.00458960294702,0.0011536407472140001
126,63.24810739,-0.007202084663682,0.009613561632019998,-0.0018373870845800003
127,63.74810739,0.024600219428132,0.0035590600970160013,0.042324123380077995
128,64.24810739,-0.047016065419894,-0.1394658458042,-0.274782199839
129,64.74810739,0.11238548375900001,-0.028458082668719995,0.22161678313879998
130,65.24810739,-0.03713600712186,-0.022642480136379997,-0.0840912437494
131,65.74810739,0.015119045044839997,-0.02903222560834,0.03311401367124
132,66.24810739,0.011891159861859998,-0.010800089836080001,-0.021953010556212
133,66.74810739,0.0006617581804000005,0.010449519159039999,-0.02203519821
134,67.24810739,-0.0227287295531,-0.033005160088900004,0.04152296066928
135,67.74810739,-0.002095612772461998,0.01411812305282,-0.017897472383439993
136,68.24810739,0.007202867863340001,-0.003501663208907999,0.00623060226444
137,68.74810739,-0.004521418939559999,0.0024004411703799997,-0.0018288421626419995
138,69.24810739,0.0070698772733899995,-0.003698271514792,0.008598880772239999
139,69.74810739,0.005492879155319998,0.001385382414639999,-0.01086050033258
140,70.24810739,-0.0036974686379400005,-0.0052408432967959995,0.01428390502812
141,70.74810739,0.002718246580108001,0.0007009935391800004,-0.00724040984854
142,71.24810739,0.004220884442218,0.00020138978937999996,0.002154693601920001
143,71.74810739,-0.0009754917033400002,-0.0008106136329999997,0.002113075260279999
144,72.24810739,0.0006978893270899992,-0.0019352745999400005,-0.00167541503762
145,72.74810739,-0.0006568640479559995,-0.000884215828312,0.001632461550699999
146,73.24810739,0.0013102686399999997,0.0006567943075800006,-0.00262826919902
147,73.74810739,0.0012650173908800005,-0.00330097079104,0.00575912475504
148,74.24810739,-4.6573281413999494e-05,-0.0008129167602119985,-0.007349338533859999
149,74.74810739,0.0027689957616939998,0.00163484096646,0.00114564895466
150,75.24810739,-0.00342893481384,-0.0012688314931800005,0.003360176086020001
151,75.74810739,-0.0004914137719399998,-0.0028360378741799997,0.0006649589557400007
152,76.24810739,-0.0004200355712800002,-0.00156823992292,-0.0024943161024999997
153,76.74810739,-0.00645090445924,-0.13542466521204,0.048884124758219995
154,77.24810739,0.0166149431480186,-0.37631499767426,0.0016730690036999996
155,77.74810739,-0.001054045110592,-0.522658079862,0.054527072903219995
156,78.24810739,0.0030622246859600007,-0.324466465414,0.01240570068312
157,78.74810739,0.01176298677968,-0.22745498359620397,0.03455438613622
158,79.24810739,-0.025015990436598,0.23463433384946,-0.03952796935852
159,79.74810739,-0.024538228812299997,0.21785798757868002,0.06397600174437999
160,80.24810739,-0.07826840370742,0.0307916204304,0.0484471988414
161,80.74810739,0.03032888620938,0.1299116933028,0.004616870870379996
162,81.24810739,0.16582356095818,0.2052255453502,-0.1428634452564
163,81.74810739,0.3131191960001,0.1392080579732,0.16076443673421997
164,82.24810739,0.709593970782,0.25553501099224,0.024368934636420002
165,82.74810739,0.916869559296,0.321947884557,-0.10213048935473999
166,83.24810739,0.67554903626,0.2154332262288,0.09047119140522
167,83.74810739,0.773408319964,0.0766800177132,-0.0078035164129999935
168,84.24810739,1.0461119788575999,0.34723923353239994,-0.06610203739579999
169,84.7481080812,1.3019846820699998,0.578614230186,-0.0678775214958
170,85.24810835,0.7992325842628,0.9726192283879999,-0.28988104818266003
171,85.74810835,1.16024344027,0.545487865182,0.06295733451059998
172,86.24810835,1.0660438668499999,0.8292621111799999,-0.3308248329424
173,86.74810835,0.7989033520272,0.7335790532604,-0.06650546071600001
174,87.24810835,0.35483355492720003,0.6010453987388,0.1430909824564
175,87.74810835,0.015011205970113996,0.48179323614200004,0.1557441902612
176,88.24810835,-0.397418917719,0.453547731046,-0.023039340969600003
177,88.74606397361703,-0.7664814877131915,0.40244610066987235,-0.23409678075404255
178,89.26257639531916,-0.8755606159468085,0.38117969924042555,-0.05778059046680851
179,89.74810835,-0.7148446821919999,0.28308495044936,0.0823746109028
180,90.24810835,-0.30862167594719997,0.0801315367272,-0.18037577630398197
181,90.74810835,-0.3948402112814,0.4376150965572,-0.148513317112848
182,91.24810835,-0.38060735509975996,0.6610929942007999,-0.282179002766
183,91.74810835,-0.1220365449296,0.3854460835596344,-0.2414477730206
184,92.24810835,-0.272327271246638,0.50156145096428,-0.34124264713679997
185,92.74810835,0.1637486654538,0.5212572407764,0.087209320093
186,93.24810835,0.382384392022,0.44564766884178,-0.09315789221732
187,93.74810835,0.5292219531566,0.570405073154,-0.06219264986336
188,94.24810835,0.3162447622277,0.46434807777426,-0.1306115722656
189,94.74810835,0.18424203395926,0.41698568820250004,-0.100662527107
190,95.24810835,-0.037896112800880004,0.6644197750134001,-0.1619478701924
191,95.74810835,-0.2526710093006,0.91767014977,-0.29316509245260003
192,96.24810835,-0.233704814914,0.7744443655008,-0.24523996353308
193,96.74810835,-0.1184618347836,0.745835614205,-0.1808203125104
194,97.24810835,-0.18785329937866,0.771051416381,-0.25190802573512
195,97.74810835,-0.040488424899100005,0.36088764668382,-0.0792395305764
196,98.24810835,-0.006165646899599998,-0.08319606783519999,0.1331369495424
197,98.74810835,-0.10624196768134,0.2638013458256,-0.2457462024418
198,99.24810835,-0.10001820802957999,0.28613366127227197,-0.10880036354
199,99.74810835,0.03582035779714,0.009270896911300003,-0.0430811119069
200,100.2481084,0.041357319950299995,-0.69649598835,0.234904022214402
201,100.7481084,0.044805541344,-0.5669189333886,0.05332279204748
202,101.2481084,0.0365319638048,-0.5420496487658,0.15817604065253602
203,101.7481084,-0.05067186761532,-0.36153539657079997,0.11862339020396
204,102.2481084,-0.0034499865769399996,-0.194923906325,0.03919687271466
205,102.7481084,-0.004245147627400001,-0.09329936981037999,0.054592571259500004
206,103.2481084,0.004168675839814,-0.04170126676669,0.02052892684994
207,103.7481084,0.003112486936955999,-0.015203826428619999,-0.013786888120679998
208,104.2481084,0.0010194735216400008,-0.0019704771044800006,0.0025058937114
209,104.7481084,0.005505068603455401,-0.0015925741195779999,0.03424661636785999
210,105.2481084,-0.02969893731574,0.0012922382358999994,-0.03222187041822
211,105.7481084,0.01434556182148,-0.012331078053092,-0.0021298408409999993
212,106.2481084,0.01128984234582,-0.0012553000435399997,0.034767856593999995
213,106.7481084,0.0109958856944,0.009454145426959997,0.037244663228
214,107.2481084,-0.005828476246959999,-0.010822310448079998,0.011699008944480003
215,107.7481084,0.011380124051259998,-0.0033527302749799997,-0.01455419540052
216,108.2481084,-0.0027639440082,-0.0026088023187500003,0.0051603889480599996
217,108.7481084,0.0103795023979,0.0012628483775211999,0.005787448882460002
218,109.2481084,-0.0195260924116,0.01153938531866,-0.03213329315032
219,109.7481084,-0.009719758034699998,0.001617398261099998,0.010510444654599995
220,110.2481084,-0.037509816292579996,-0.017883133889700004,-0.01767383574888
221,110.7481084,0.011149439795699996,-0.94592763181894,0.24473590851201998
222,111.2481084,0.023925666209,-1.07342183115,0.24294040679788
223,111.7481084,0.06146623405012,-1.125378912726,0.16282606125177998
224,112.2481084,0.052469236549732,-0.6500383794319999,0.1306510162208
225,112.7481084,0.12209257795708,-0.1746142458792,0.03028055190016
226,113.2481084,0.11818842738933999,-0.21424895763818,0.1900294494332
227,113.7481084,0.16307055578468,-0.12633677482358,0.02916282654854
228,114.2481084,0.08639468044080001,0.053057596689,-0.10592941282980001
229,114.7481084,0.077442826035,-0.12618046760296,0.18133413313400001
230,115.2481084,0.11930898472800001,0.08977353334748,-0.0024772643766000036
231,115.7481084,0.0831305019572,-0.0013969087595399998,0.02520211220060001
232,116.2481084,-0.053075692364040014,0.076568284036852,0.005488739036400006
233,116.74205996170214,-0.17914515331197872,0.06602998235914893,-0.0994078148980851
234,117.26447341914894,-0.31589925797085106,0.08722566036821276,0.0008601127800425522
235,117.7531084,-0.22898439765380002,0.0797698163992,-0.01331174851439999
236,118.2531084,-0.2642505365556,0.0816911005892,-0.03455669404800001
237,118.7531084,-0.1076318031549,0.1668221569014,-0.2461114978724
238,119.2531084,0.006906938485801999,-0.009116072660160002,0.27517718315298
239,119.7531084,0.027533056002439996,0.14491941451338,-0.13773773192060002
240,120.2531084,-0.024502818226039995,0.19964468956608003,-0.24262820239698002
241,120.7531084,0.1534397801774,0.11161199808180002,-0.028028392845199996
242,121.2531084,0.27928325307362,0.13098572730464,-0.04484396930719999
243,121.7531084,0.1387162401992,0.16270771503602,-0.1901517676918
244,122.2531084,0.1200705290034,0.11950618744515999,0.12079033854399998
245,122.7531084,0.16859992818324,0.09387324334187999,-0.17491008760659998
246,123.2531084,0.019266541305600002,0.0740805435126,0.005230808269999982
247,123.7531084,0.09675653219326,0.10053710460554,0.1547743797372
248,124.2531084,0.13611017526306,0.1907567405722,-0.209825706432
249,124.7531084,0.07650710046298,0.0014046764388000055,-0.08509753231440001
250,125.2531084,-0.02246585384922,0.16783524513744003,0.054830293685199996
251,125.7531084,0.0096220543256,0.16319564819332,-0.08845123289899998
252,126.2531084,-0.0082595649328,0.13811326503593999,-0.04185575486859999
253,126.7531084,0.03434577501714,0.10794019699144,-0.17547987936427997
254,127.2531084,0.28091186225282,0.14522399187239998,0.017540779129411998
255,127.7531084,-0.15282421051207998,0.1202988553064,-0.12234861374339999
256,128.2531084,0.13186452447660002,0.0032629299036000003,0.023398685477999993
257,128.7531084,-0.050056317909170006,0.09418214320339999,-0.080883798573
258,129.2531084,0.194289233091611,0.035575251578599996,-0.0751384735214
259,129.7531084,0.0428179743872,0.05497588157406,-0.0740764427368
260,130.2531084,0.005269523850739999,0.05586947918671999,0.22083070754040002
261,130.7531084,0.12734554976252,0.1293644237505924,-0.321324968347
262,131.2531084,-0.05843865469392,0.518373923313,-0.14474539751
263,131.7531084,0.06943494819704,0.45072588920039997,-0.11265645979279998
264,132.2531084,-0.015585304798399995,0.47123648643000005,-0.06587947848
265,132.7531084,-0.10410520017832,0.3924126195846,-0.2856911945192
266,133.2531084,-0.073933504363,0.41577892304201997,-0.09941276547139999
267,133.7531084,-0.0560685083225,0.3007602596114,-0.039092636178800017
268,134.2531084,-0.120682507457,0.29643424990332,-0.06342988966596201
269,134.7531084,-0.05219267845919999,0.2647373938406,-0.2489629268478
270,135.2531084,-0.221957592362,0.12706189632726,0.06530710223540001
271,135.7531084,-0.10093168020179999,-0.12798857211612,0.07305925370799998
272,136.2531084,0.12365981459894,-0.0804794216112,0.10702625270714
273,136.7531084,0.094544524557,-0.003946084981260007,-0.23938331602019997
274,137.2531084,0.10528988658160002,-0.029663791666600003,0.06918785097999995
275,137.7531084,0.18934271083798,0.004709663397200001,-0.1328002452838
276,138.2531084,0.1192181802496,-0.015357656483259995,-0.26052417754671997
277,138.7531084,0.04507879225879998,-0.040014820086886005,-0.216047792432
278,139.2531084,0.06897335483898,-0.036824309833199995,0.32089168551900005
279,139.7531084,0.05639056244196,-0.17311128616462,0.193660850503348
280,140.2531084,0.1228837537638,-0.11195411920720001,-0.21578618050000004
281,140.7531084,0.1613530499224,0.6124440288504001,-0.20768878936119997
282,141.2531084,0.0739145040572,0.44010637994421997,0.018477630664400002
283,141.7531084,0.040066462755,0.026591708669800002,0.12947081565819998
284,142.2531084,-0.14209469438133998,0.037960202698999995,-0.25727384567760003
285,142.7531084,-0.033479824049399996,-0.18784640788780002,-0.08510294917980002
286,143.2531084,-0.070802581772,-0.20066459416876,0.3699013709792
287,143.7531084,0.3618251470316,-0.2217918062316,-0.0698293113906
288,144.2531084,0.351199478816,-0.1746109342576,-0.1463987064564
289,144.7531084,-0.07538299218701999,-0.21504222869276,0.44080899238422
290,145.2531084,-0.36614149630459997,-0.245433146943,0.045205011372000004
291,145.7531084,-0.4953286553958,-0.2651547551082,0.0317513084316
292,146.2531084,-0.234286381609,-0.2904917478741,0.045370988842
293,146.7531084,-0.3138519951588,-0.24983665704587998,-0.13423657420680002
294,147.2531084,-0.25715266763514,-0.1345195245964,0.149990892318
295,147.7531084,-0.17686330198987998,0.012494015693898004,-0.08920177454270001
296,148.2531084,-0.059976240989,0.2592411422658,0.05858637811339999
297,148.7531084,-0.026907372474900007,0.13581984043844,-0.109680051782194
298,149.2531084,-0.0974664240972,-0.01696058273272,-0.02969376564650001
299,149.7531084,-0.2282265716736,-0.09436545371340001,0.10598232269059998
300,150.2531084,0.2323634752844,-0.12615823506008003,-0.4068118191248
301,150.7531084,-0.06811512948540001,-0.1447227525824,0.5502369690468
302,151.2531084,0.304796513912,-0.1675071764047,-0.47672916418919997
303,151.7531084,0.2640007003936,-0.0383475112928,0.3432283305714
304,152.2531084,0.21839327769897998,-0.08707613465640002,0.07156315802799995
305,152.7531084,0.5742243924906,0.0382148790356,0.27509492876756
306,153.2531084,0.4400288586336,0.09580106259214,-0.34722442630320005
307,153.7531084,0.222732479947,0.22277038572639998,-0.04208196639979996
308,154.2531084,0.35173565207814,0.08602987289302,0.046976966839
309,154.7531084,-0.062877330033,0.038888816833672,-0.32279357908240003
310,155.2531084,-0.4588287749912,-0.0189455509196,0.2718542099252
311,155.7531084,-0.5500437844402,0.041259307864899994,-0.20056179045179998
312,156.2531084,-0.32232163000020003,0.029308342936600004,0.056100826263999995
313,156.7531084,-0.16881439333304,-0.265571999593,0.0022023773180000128
314,157.2531084,-0.06189689710608,-0.1499017810788,0.031954536413199994
315,157.7531084,0.035159846556260005,-0.11615725994333999,-0.03471808433736001
316,158.2531084,-0.01714488535919999,-0.10584146499957998,0.17313598632759997
317,158.7531084,0.094428585477,-0.19208760259458,-0.2310146522406
318,159.2531084,0.025429760852000004,-0.046389823016000004,0.27192801483800005
319,159.7531084,-0.03281958280596001,-0.0730620455666,-0.30997453688
320,160.2531084,-0.0582579192452,-0.0198197603246,0.253978099856
321,160.7531084,0.1237867620546,-0.0236409997834,-0.14551682470799998
322,161.2531084,0.0239911517613,0.0689567041527,-0.10475366591801999
323,161.7531084,-0.0875645013162,0.1626237392438,-0.04549970627766001
324,162.2531084,0.0617076493864,0.07525744914846,-0.19039447781939997
325,162.7531084,0.005413322142460002,-0.013043360707799998,-0.03676114081239998
326,163.2531084,-0.021934312428600004,-0.06528561592200001,0.16320650101160003
327,163.7531084,-0.0462466090902,0.06644226074331999,-0.0491070842772
328,164.25310839999997,-0.0895659169594,0.21957132339240001,-0.08382995599600002
329,164.75310839999997,-0.32257253079422,0.2671851682722,-0.0894991588512
330,165.25310839999997,-0.4852214571812,0.26259272575320003,-0.28814538959799996
331,165.75310839999997,-0.7095675730406801,0.30139057637918,0.085412435487682
332,166.25310839999997,-0.3285164195558,0.147515144336,-0.4010180473806
333,166.75310839999997,-0.24042965945739997,0.18221873044460002,-0.17403247836519997
334,167.25310839999997,0.1527480721454,0.054857757120539995,0.013155412614999982
335,167.75310839999997,0.14562516153240002,0.16652642725734002,-0.13352067946119997
336,168.25310839999997,0.06288616121434,0.14569334983948,0.17273005488870002
337,168.75310839999997,0.16035212219012,-0.09767680644780001,-0.14735499383200001
338,169.25310839999997,0.17299680412000001,-0.08654529095241999,0.183750906018
339,169.75310839999997,0.10096706121204,-0.0013636445798400044,-0.09781985280460001
340,170.25310839999997,0.3476087267778,0.1030103969434,0.061849269830819995
341,170.75310839999997,0.17367102502280002,0.08059816122359999,-0.11743311882739998
342,171.25310839999997,0.20970087669168,-0.0743816709532,-0.15385174749338
343,171.75310839999997,0.0656675709042,-0.2906080579814,-0.32070858
344,172.25310839999997,-0.290490364712,-0.41954994440919996,0.10708282470614001
345,172.75310839999997,0.3464950436398,-0.07940744873279999,-1.5894246387920001
346,173.25310839999997,1.0896559976353999,-1.1630554890698,1.5827422330388001
347,173.75310839999997,1.0185100641874,-0.32536184072139995,-0.23596364016620008
348,174.25310839999997,0.32629506467528,-0.39223323824879996,1.1911997221824
349,174.75310839999997,-0.08585983740819998,0.09607552524219998,-0.9170673179492
350,175.25310839999997,-0.818310464598,0.20152060983158,0.592278451904
351,175.75310839999997,-0.356154128899168,0.133221521379946,-0.3539700603386
352,176.25310839999997,-0.5784654170356,0.14788470745062798,-0.174181690224
353,176.75310839999997,-0.4953468988652,0.005125575071239996,0.10654589654786
354,177.25310839999997,-0.31272592902060004,-0.1351957297331,0.22261796000140002
355,177.75310839999997,0.37622242582680004,-0.22206609964406,-0.19429643631039997
356,178.25310839999997,0.6072663876666,-0.347448210713,0.3667923927164
357,178.75310839999997,0.791153856838,-0.225888892402,-0.45985350608939995
358,179.25310839999997,0.5546255595214,-0.35655868531179996,0.42705606461359996
359,179.75310839999997,0.1499960613904,-0.447155187106,-0.295006303782
360,180.25310839999997,-0.4143848284256,-0.2575417995416,0.10333613397220003
361,180.75310839999997,-0.3028848926814,-0.182591692203364,0.0037842655119999956
362,181.25310839999997,-0.30597946679656,0.1301419985394,0.08794132237260001
363,181.75310839999997,-0.17620294008614,0.26424986601059997,-0.3563640403908
364,182.25310839999997,-0.21587877974929998,0.1903546583756,-0.15076584817560001
365,182.75310839999997,-0.0394031746438,0.2902874493486,0.238244876858
366,183.25310839999997,0.048664804461799986,0.347431581005,-0.6580054950831661
367,183.75310839999997,-0.10693949534580001,0.16514888524659999,0.51435192104846
368,184.25310839999997,0.17072049109286,0.4576775455202,-0.3009856033162
369,184.75310839999997,0.1957456787766,0.6122552084834,-0.304200172427
370,185.25310839999997,0.05494677310448,0.43080552576672,0.1190254783644
371,185.75310839999997,0.09627455189103999,0.48828153610606,-0.1848668575492
372,186.25310839999997,0.30792512536138,0.9544685363559999,-0.18949271204676002
373,186.75310839999997,0.16365534482935998,1.1174210691554,-0.364306612057
374,187.25310839999997,-0.01947876812312,0.5926677823038,-0.053023385974800004
375,187.75310839999997,-0.4798508053932,-0.28212442635519996,0.04775040625480001
376,188.25310839999997,-0.5532585966538001,-0.44765955210586,-0.061920566572
377,188.75310839999997,-1.0829736187748,-0.28522381305948,0.4763416194796
378,189.25310839999997,-1.390854911186,-0.644934546936,-0.24156988146799996
379,189.75310839999997,-1.4693229579800002,-0.43970022201340003,0.16572312358100003
380,190.25310839999997,-1.307999129279,-0.18104581593985997,0.1312979698228
381,190.75310839999997,-1.104721877552,-0.004908883573880005,-0.3596302794804
382,191.25310839999997,-0.8907502365080601,0.29013475418498,0.030708074579
383,191.75310839999997,-0.13266137003259998,0.27035253524339997,-0.2359205150892
384,192.25310839999997,0.5670630395540001,0.2128755712504,-0.0924902343796
385,192.75310839999997,1.09584410847,0.010278730388419999,0.094976844786
386,193.25310839999997,1.523819182232,-0.3558987736818,0.16409003257281998
387,193.75310839999997,1.8009689617199998,-0.3929261350655,-0.1330257606366
388,194.25310839999997,1.872912389014,-0.5655737185502,0.06419415476105998
389,194.75310839999997,1.7399910354319998,-0.5274663281534,-0.10166270256000001
390,195.25310839999997,1.44901874544,-0.27455725908359196,-0.24016968726959997
391,195.75310839999997,1.040177826846,-0.1897199249239,0.17602237700294002
392,196.25310839999997,0.40915491819395994,-0.0777071666702,-0.1357686614776
393,196.75310839999997,-0.09466629207292,0.047602140902399996,0.23021932599522
394,197.25310839999997,-0.3627761548088,0.6456265401604,-0.011161098482000014
395,197.75310839999997,0.012344459704179992,1.390809454944,-0.7656605816086
396,198.25310839999997,-0.5669635408520001,1.0121890021398,-0.6440575406866
397,198.75310839999997,-0.4190294581346,1.0855566835058,-0.22536196714239998
398,199.25310839999997,-0.2927771240284,1.0183825898616,-0.230896730446
399,199.75310839999997,-0.2638916844194,0.8714691090396001,-0.17478075022599998
400,200.25310839999997,-0.057135362919199996,1.186179828656,-0.26357375145524004
401,200.75310839999997,-0.05066040396946,0.963478283874,-0.027895393371199992
402,201.25310839999997,-0.1416564843072,-0.20263885021459999,0.043181762687
403,201.75310839999997,-0.1591555964958,-0.382604327198,0.12590082168196
404,202.25310839999997,-0.15028509631414,-0.4322528362274,0.060582485209599996
405,202.75310839999997,-0.02966936270268,-0.655858783722,0.24178522109614
406,203.25310839999997,-0.02573412790606,-0.4638193893434,0.1446893310488
407,203.7504167173913,-0.019709904634630432,-0.2772525730241304,0.16717682713586957
408,204.26256071063833,-0.004836604236723404,-0.22800808510725531,0.07576983025510851
409,204.74810739199998,0.148445646022,-0.18332823752863198,-0.04239856720378
410,205.248107,0.149614709920862,0.037328653333702,0.08259171482940002
411,205.748107,0.0554747289485,0.07147462845052,0.05404510497520001
412,206.248107,0.27621128350822,-0.033591747282800004,0.035335617087400004
413,206.748107,0.057847732267000004,0.06859521388610001,0.1736610317354
414,207.248107,0.2616773064544,-0.17443042280780002,-0.2924192239182
415,207.748107,0.057353264700999995,0.044533092978000004,0.1051978778822
416,208.248107,-0.19116619407600002,0.083374102118138,-0.05560580254279998
417,208.748107,-0.14090523362736002,0.10857046603878001,-0.2478662300168
418,209.248107,-0.21533975005196,0.0313949966406,0.142866630525
419,209.748107,-0.005675774364620001,0.19612529993652,-0.031263895012400005
420,210.248107,0.08941030472532001,0.13582332134724,-0.007837972613999994
421,210.748107,0.11588133923666,0.11928261279739999,-0.256744222651
422,211.248107,-0.08667656153810001,0.10683055877434,0.09934299468221999
423,211.748107,-0.19837005347041997,0.17529316663911998,-0.08053138733640001
424,212.248107,-0.13475261091916,0.11030553817899999,0.007826023094219998
425,212.748107,-0.077415185573656,0.050822000500000006,-0.2772231292886
426,213.248107,-0.15046524138386,0.046943802832260004,0.049297418616939995
427,213.748107,-0.19996173039488,0.12552893638696,-0.043254499449840014
428,214.248107,-0.302726844624,0.15097531556916,-0.08108566286340001
429,214.748107,-0.2798009568512,0.1228409194936,0.07510330202067998
430,215.248107,0.11494019194999999,0.19665338517226,-0.44016356459199996
431,215.748107,0.5323257946322,0.001044318676999999,0.25109454150468
432,216.248107,0.84499346731,-0.020521352314060003,0.03698925013660001
433,216.748107,0.6873806172889999,-0.065469199433,-0.25148021700727996
434,217.248107,0.3760796705038,-0.021199920191799997,-0.21278938293139998
435,217.748107,-0.38940616364299996,0.24001452445054,-0.1462368583922
436,218.248107,-0.6868226079754,0.3014846658702,-0.046776409146799994
437,218.74819498,-0.474776818149,0.32639798167039996,0.00858668326572
438,219.25274622,-0.030096282897000004,0.15879255400984443,0.1105430497266667
439,219.748107,0.18810782761926798,0.20219209670493998,-0.259319171886
440,220.248107,0.1939411535784,0.3540485334476,-0.29232131950039997
441,220.748107,-0.00369164231100001,0.37430306909018,-0.30128742212739995
442,221.248107,0.1631714451462,0.32719452859046,-0.24152591704860002
443,221.748107,0.18952005803,0.3339767217836,0.12837051393443802
444,222.248107,0.13693340523642,0.4640468311386,-0.205788078278
445,222.748107,0.3157290950496,0.81651277535826,-0.63563580517936
446,223.248107,0.23801745739084001,1.108691282306,-0.28818539614948
447,223.748107,0.3301282320778,1.219691090594,-0.6687668133043999
448,224.248107,0.2262392860548,1.390612959824,0.010007877368999997
449,224.748107,0.3500576567856,0.96584351540616,-0.7324309063112
450,225.248107,0.02764697434228,0.60180947300502,-0.3556667900512
451,225.748107,-0.05677072703275,-0.2824274683014,0.31888055802074
452,226.248107,-0.1649933460356,-0.48675725459520003,0.138458824155
453,226.748107,-0.09734148897722,-0.99562727456,0.32752682684942
454,227.248107,-0.18103372156679998,-0.9159901380319999,0.1930488395674
455,227.748107,-0.21835731208470238,-0.7788714599719999,0.29529478071622
456,228.248107,0.004826725717719996,-0.5651412534816,0.17983127594839998
457,228.73288417777778,0.13227711262073333,-0.4069815953519778,0.10789893470504444
458,229.25310700000003,0.25326585265174,-0.4093955969834,0.17122866630800002
459,229.75310700000003,0.3324454954174,-0.34083818915100006,0.050037956251799985
460,230.25310700000003,0.306874466984,-0.30131160974878,0.089553403817
461,230.75310700000003,0.07683964534901999,-0.31483069896808,0.100485153206
462,231.25310700000003,-0.384846813082,-0.10523741722688001,0.13932579039794
463,231.75310700000003,-0.67995343566394,-0.0895716810014,-0.18767407417600002
464,232.25310700000003,-0.9207725786759999,0.016676850315420003,-0.0723104190724
465,232.75310700000003,-0.5677726340193999,0.013952383999560001,-0.07267236709656
466,233.25310700000003,-0.1525173151491,0.019220852855799997,-0.04142108916816
467,233.75310700000003,0.457814620733,-0.09498476981898399,0.03361745835800001
468,234.25310700000003,0.5500550156838,-0.09886177062954,0.07317466735480001
469,234.75310700000003,0.7881060788072,-0.14516802313164,-0.2015853118634
470,235.25310700000003,0.7908767938494,-0.24848880290694,-0.010135002159200006
471,235.75310700000003,0.6147658896856,0.2743380641894,0.24410061843400002
472,236.25310700000003,0.15710469066219998,0.38579876422220005,-0.004100647008000041
473,236.75310700000003,0.22046670076664,0.39249619006445996,-0.3993835830436
474,237.25310700000003,0.20424112498435998,0.406816892612,-0.0606059456224
475,237.75310700000003,0.1259135937636,0.49261486529751997,-0.232396297443
476,238.25310700000003,0.2509981922766,0.7879154491324001,-0.2639206886484
477,238.75310700000003,0.20157316774560002,0.902851886708,-0.1992499160366
478,239.25310700000003,0.238986939778904,0.718173661246,-0.20212615967541
479,239.75310700000003,0.1582061771266,0.997720370312,-0.28298530580840003
480,240.25310700000003,0.2609100675328,1.0054302883200001,-0.48461050985038
481,240.75310700000003,0.17697430670717998,0.654111013414,-0.17155421259172
482,241.25310700000003,0.06978369743286,0.5894435882908,-0.183260011674768
483,241.75310700000003,0.13053874179799999,0.28325626370560003,0.03638294219299998
484,242.25310700000003,0.07690437786466,0.30737347603396,-0.2317398548366
485,242.75310700000003,0.10640667469831999,0.15369830131528,-0.015019626619159999
486,243.25310700000003,-0.0249788215386,0.09082269668152801,-0.10045029640212
487,243.75310700000003,0.08308954284006001,0.086036062241276,0.020953350069
488,244.25310700000003,-0.09531529724122001,-0.45703805922264,0.0960922050499
489,244.75310700000003,-0.2113676056212,-1.0448906278699999,0.32824029922442
490,245.25310700000003,-0.0628308675436,-0.46341863155600005,0.16089452744479998
491,245.75310700000003,0.0008531476575000019,-0.2062474584588,0.1066797828496
492,246.25310700000003,0.28950271758592,0.0656033587438,-0.3081416988306
493,246.75310700000003,-0.430748245612,-0.007221543782200004,0.21449422835774
494,247.25310700000003,0.03371265682999999,-1.305829619157,0.06832050321540001
495,247.75310700000003,-0.1223641052718,0.16849810241934002,0.596839179993
496,248.25310700000003,-0.32663564548314,-0.005635962492759998,-0.9354841232655999
497,248.75310700000003,0.13011563420458,0.010426187540600007,0.430586843504
498,249.25310700000003,-0.0510012772792,-0.08567272901738,0.0088571357424
499,249.75310700000003,0.10643712543054001,-0.058654975890100006,0.005541248321327999
500,250.25310700000003,-0.029016211185776002,-0.0395441818203598,0.07959278106924
501,250.75310700000003,-0.01778103426013,-0.00938263893162,0.0017254447898800045
502,251.25310700000003,0.014463926856200002,-0.007587480543780001,-0.03906169891892
503,251.75310700000003,0.002471443751559999,-0.00319751739536,-0.009546375267800002
504,252.25310700000003,0.009229168295480001,-0.2861139392898,0.1568090820316
505,252.75310700000003,0.03320185132272,-0.4419543361658,0.02363895416184
506,253.25310700000003,-0.027476066723,-0.459288984542,0.08749923706019999
507,253.75310700000003,-0.019317107648640003,-0.3267792797074,0.1379642104817
508,254.25310700000003,0.03706223488202,-0.001031094788760002,-0.058676567081200004
509,254.75310700000003,-0.005611503047232001,0.22508843421462,0.01782653811499999
510,255.25310700000003,-0.017472877800199998,0.16385920524538,0.038328552276599995
511,255.75310700000003,-0.0006196498896799996,0.16609704017500562,0.035715446457000005
512,256.253107,0.0080898945038,0.12762067079028,-0.08804442402660001
513,256.753107,0.010124795361380003,0.135281815528,0.057719516768
514,257.253107,-0.05657996609876,0.13987541912502,-0.1928888702576
515,257.753107,-0.020399714136800005,0.17373420715040003,-0.030884284944599997
516,258.253107,0.0934155332998,0.2353314912288,0.0021802711320000113
517,258.753107,-0.0244850762945,0.21201307773798,-0.04683528901812
518,259.253107,0.04421075554738001,0.17870374918008,-0.006221466054800015
519,259.753107,-0.0004959099751059903,0.24337644576620002,0.045079841654962004
520,260.253107,-0.04929748177335999,0.809150304798,-0.361941499688
521,260.753107,0.07180374667279998,0.8297947955061599,-0.8075898265538
522,261.253107,-0.2775891184664,0.68324996949256,0.5320164680067999
523,261.753107,-0.11811265140484001,0.734956889131,-0.5462222957476
524,262.253107,-0.1597962218552,0.5799573278374,-0.1551290034828
525,262.753107,0.062476930321799996,0.75849141116338,0.1062761497486
526,263.253107,-0.16379748224983998,0.6744639921238,-0.2519652175742
527,263.753107,-0.09999247961485999,0.5107882237528,-0.0033382034599999865
528,264.253107,0.13637245818062,0.661530137076,-0.3266174793454
529,264.75310772,-0.10189526020014,0.50050660608086,-0.061901216529200005
530,265.253108,-0.018602385220420004,0.5783511424059999,-0.1969399452088
531,265.753108,0.023696581417131997,0.8342772507620001,0.03867336275740001
532,266.253108,0.006430526821419999,0.759915034768,-0.1739732456082
533,266.753108,-0.07819923937760001,0.875760166626,-0.18274295805760002
534,267.253108,-0.03049409448498,0.509936518666,-0.04468414306014
535,267.753108,-0.0013300710885400012,0.15461993694188,-0.06282423020201999
536,268.253108,0.03539147049208,0.4295384597804,-0.08765333174911999
537,268.753108,0.04532424599194,-0.90113484857028,0.2453491974248
538,269.253108,0.0713206809712938,-1.3759140825399998,0.1997538185452
539,269.753108,0.0440537494415,-1.0240655183360001,0.21696510315032
540,270.253108,0.0648186819128,-1.3320137190680001,0.1572576713592
541,270.7440855744681,0.02782190385353191,-1.0199031018723406,0.24171088603840424
542,271.2591433347826,0.009907672748326084,-0.47995220060130434,0.15430415191021737
543,271.748108,-0.3748115848001,-0.12721856174498,0.022786512380199974
544,272.248108,-0.595868925452,-0.24759330750024,-0.19871766087780002
545,272.748108,-0.8986822435259999,-0.08241965770166,0.09718904495659998
546,273.248108,-1.22284467815,-0.062032084461599996,0.010973205594000012
547,273.748108,-1.49175355672,0.0679062199556858,-0.0621968079016
548,274.248108,-1.422518155514,0.275788104528378,-0.340971250518
549,274.748108,-1.513449348204,0.2856805539078,-0.15158226016122
550,275.248108,-1.569943680744,0.35289934873766,-0.417014598846
551,275.748108,-1.227425525176,0.33315010070559997,-0.275753555259
552,276.248108,-1.3131459284,0.300851552495,-0.00786964415039998
553,276.748108,-0.832810583104,0.3598667287766,-0.3793010044018
554,277.248108,-0.5144066333571999,0.4332873225204,0.10548192020820002
555,277.748108,-0.23957597970840003,0.3850931072258,-0.25014205933800004
556,278.248108,0.308851834533448,0.2909103584358,-0.1504964255969
557,278.748108,0.5548662573122001,0.122051589491372,0.23321772569900007
558,279.248108,0.5101381754892,0.11784102916573999,-0.21608384125689997
559,279.748108,0.5194864278992,0.08940886497320001,-0.04587858198082
560,280.248108,0.38611221850219996,0.10332422494679999,0.05943862914558
561,280.748108,0.29096974462264,0.10017796993280001,-0.23400469774760002
562,281.248108,0.2089527365528,0.15891609906914,0.17329681398920002
563,281.748108,0.2178598091076,0.147976207731482,0.02574957846120002
564,282.248108,0.11587147831494,0.17129123449319997,-0.197293090784
565,282.748108,0.10837733090264001,0.1261555623962,0.023274297720999995
566,283.248108,0.1094506108726,0.11346191883541999,-0.10320398328140001
567,283.748108,0.05595718443668,0.113871905798342,-0.11416734692162
568,284.248108,0.07551172360340001,0.0900274062077,-0.0012759304123999887
569,284.748108,0.06381842509039999,0.07896777391868,0.02861121176320001
570,285.248108,0.009640346022175998,0.10520506143134,0.022331180584940002
571,285.748108,0.10227441862936,0.0610631751996,0.17868084910380003
572,286.248108,0.052273021046800004,0.044727752210419996,-0.1882221126664
573,286.748108,0.0008216565910000062,-0.015755703481559982,0.08449562075799998
574,287.248108,0.12406436636719999,0.0440296840678,0.013121995922000012
575,287.748108,0.1774205219656,-0.0727015113478,-0.30380537033359994
576,288.248108,0.03228168040278,-0.04557986140340001,-0.009129600533999973
577,288.748108,-0.020849728878480002,-0.026888083239199997,-0.16107346535859993
578,289.248108,0.1258631259378,0.043729344610000005,-0.10672797199820006
579,289.748108,-0.11554783062219999,-0.2161112689974,0.426124868242
580,290.248108,0.006429239887520013,0.02740120172728,-0.314145421988
581,290.748108,0.19382104218475998,-0.10621828319940001,0.22038623827000006
582,291.248108,0.20752067566388,-0.1234012854256,-0.24723747265799992
583,291.748108,-0.05587233037559999,-0.024447083461980004,0.37350130084980004
584,292.248108,0.0239169216192,0.06531001925739999,-0.15096642499280002
585,292.748108,0.011808389715200002,0.049336538300054,-0.1492463206658
586,293.248108,0.08600062847251999,0.01737391471300001,0.070789365744
587,293.748108,0.029110615250860002,0.050906996730604004,-0.19440713878234
588,294.248108,-0.11907758877152,-0.030907018163800003,-0.2010029601987999
589,294.748108,0.03574160404677999,0.012753182662199993,0.21438402178539995
590,295.248108,0.05287640170170001,0.06396380901438,0.247978210445
591,295.748108,0.024448443651319998,-0.020498993387399994,-0.154277820613
592,296.248108,-0.1206640958668,0.021323240400940004,0.0028494167404000087
593,296.748108,0.0481426909476,0.09290630519540001,-0.08835464476154
594,297.248108,0.016717040162,-0.0405520105392,0.05324113849418
595,297.748108,-0.08831300435219999,-0.025585578667599997,-0.2746695613724
596,298.248108,0.019886327379,0.0714661943964,0.542358741657
597,298.748108,0.040587974788799996,0.08536232233336,-0.1880404853904
598,299.248108,-0.09303552389210001,0.059867339132020005,-0.03143790244640001
599,299.748108,-0.11488457799327201,0.048863110545000005,0.0683697700484
600,300.248108,0.1305379235654,0.08028801559761999,0.02024739263820003
601,300.748108,0.010325775167660001,-0.060450565774459994,-0.0788909912908
602,301.248108,0.04694044829022,0.1067676281908,0.266246500024
603,301.748108,0.20428092241719997,0.05181679010200001,-0.3194438648326
604,302.248108,0.14797029439300002,-0.032297621962400005,0.08696822168199998
605,302.748108,0.1941051435239,0.1576153540604,-0.07778928755140001
606,303.248108,0.12619507313796002,0.14223960161760002,0.11676342011320001
607,303.748108,0.0054072689940239975,0.15461415521712,-0.4069290447422
608,304.248108,-0.037998814601800004,0.0776899790888,0.40501899721979995
609,304.748108,0.20017966628432,0.19856065629939998,-0.451965532278
610,305.248108,-0.16738633275040002,0.0332408857556,0.1161373043318
611,305.748108,0.11949815867376001,0.0940507912918,-0.13510032652
612,306.248108,0.00027205467187999655,0.1426470995066,0.122755079268
613,306.748108,0.0053052187019799945,-0.09785220144216,-0.1583635520274
614,307.248108,0.2437977790564,0.12982501625999998,0.21275706289640003
615,307.748108,-0.16005265238536,0.0529358887836,-0.07209543227159998
616,308.248108,-0.09832364816736,0.0710062861238,-0.2198028946142
617,308.748108,0.025441745512399992,-0.0955835533148,0.348998289086
618,309.248108,-0.00042789639079999776,0.039105811129599995,-0.12046459194799997
619,309.748108,0.17695752638066,-0.05238174672990001,0.09785419472620002
620,310.248108,-0.11811712563212,0.08579484464379998,-0.2158920479168
621,310.748108,0.07081022890462,0.121753397003,-0.1024684333998
622,311.248108,0.09414797811796,0.136282200825,-0.0795899105668
623,311.748108,-0.061534888448,0.1023099517678,-0.02314952855400003
624,312.248108,0.07088214575604,0.07256726742337999,-0.2616645813422
625,312.748108,-0.017000079758399997,0.08373103856314,0.15467712406200002
626,313.248108,0.11456837178068,0.0360814309119,0.06654295911800003
627,313.748108,-0.0009650582099799986,0.0940378785096,-0.19585890769682
628,314.248108,0.053442937134579996,0.013797061437860001,0.153358669292
629,314.748108,0.0392966723486,0.1431069660186,0.01442273139665998
630,315.248108,0.03385890363972,0.40930027723768,-0.2395990943904
631,315.748108,0.0776306635178,0.6460718631909801,-0.21005929943799997
632,316.248108,0.051938537057,0.63136347057,-0.01506948477239999
633,316.748108,0.046799094054,0.39864091634144005,-0.014996328377200002
634,317.248108,-0.17137793314615998,0.6704598426954,0.2779390622726
635,317.748108,0.25373276741,0.45842168806399997,-0.49315389636999996
636,318.248108,-0.04418722324939999,-0.0844289541164,-0.3633535098862
637,318.748108,0.1709446731356,0.1952348160196,-0.3705072307598
638,319.248108,0.2863806575148,-0.3297550321288,0.44805765148379995
639,319.748108,-0.0033357816806000007,0.08101678368012,-0.36187859530480004
640,320.248108,-0.2883089275814,-0.15870023492101998,0.2926805305180001
641,320.748108,0.35774310770100004,-0.2036975526814,0.030542421348800045
642,321.248108,0.13125346452157402,0.32543002605992,-0.16684815410859996
643,321.748108,-0.007643707092060019,0.7777924442611599,-0.593571729702
644,322.248108,-0.17902973353059998,0.5825629782682,-0.19401548368700003
645,322.748108,0.2454239028732,0.19697944640164,0.535159873976
646,323.248108,-0.09283928246588,0.273101930625,-0.219892244394
647,323.748108,0.342926018219,0.2757495951806,-0.41711174966000003
648,324.248108,-0.08271676898182001,0.7096318054394,-0.40985567100125997
649,324.74810779,0.07229054152812,-0.727628486156,0.277507162145
650,325.2481077,-0.07261006355539999,0.1084962129578,0.07636623383659998
651,325.7481077,0.07144902050078,0.0551447868288,-0.06810808181096001
652,326.2481077,-0.014062328926060004,-1.055406298634,0.33870281222708004
653,326.7481077,-0.05278062820118199,-0.8110013389780001,0.25630187987912
654,327.2481077,0.01609910249814,-0.383535332682,0.08166540145506
655,327.7481077,-6.744742340400047e-05,-0.15696315288079998,0.045581493377560005
656,328.2481077,0.0025394475464600003,-0.0723679113429,0.01563537597416
657,328.7481077,0.0002250325684800003,-0.03155076980808,0.030148010258600002
658,329.2481077,0.0037713301183619997,-0.01860528468602,-0.01497907638412
659,329.7481077,0.003750274184659999,-0.013498549461071999,0.003964881896256
660,330.2481077,0.0019731289179199998,0.01075226783664,-0.010294570932039988
661,330.7481077,-0.009038833973119999,0.01504550218292,-0.02731197357404
662,331.2481077,0.007880485653036,-0.008694720269080001,0.03455357553579999
663,331.7481077,-0.004312942030260002,-0.010150618556727999,0.024242382043999977
664,332.2481077,-0.0162160021098,-0.02239125490448,-0.0219958114338
665,332.7481077,0.04488925814948,0.013344211577920002,0.05409043315841368
666,333.2481077,-0.00456615924718,-0.0011821079252280003,-0.032589874280319994
667,333.7481077,-0.06578315138854,-0.0318337225936938,0.010060539246860001
668,334.2481077,0.059947437650999996,0.015955629350040003,0.04497900009292
669,334.7481077,-0.0019202169756600018,-0.0510444044959,-0.06352743150939999
670,335.2481077,0.027713999744779998,-0.009984021183379998,-0.05899265288780001
671,335.7481077,-0.1808492970088,-0.0501319885304,-0.25776634216662
672,336.2481077,0.05400223402054,-0.45331713799005996,0.188511142678
673,336.7481077,0.16031349629046,0.18959246635686,-0.468219099051
674,337.2481077,-0.388635576068146,-0.22134771347074,0.44536126136717596
675,337.7481077,0.009125645165199998,-0.018398475647320004,-0.26878654477856
676,338.2481077,0.0975288742865,0.049205875393076,0.07446741102979999
677,338.7481077,-0.13938307344728,-0.04471409797742,0.071924324032726
678,339.2481077,0.12304590225380001,0.047185277932960006,-0.0834076786042
679,339.7481077,-0.028043491247599993,0.02050291061684,0.0010000991688200057
680,340.2481077,-0.06891722947378,-0.060682783127000005,-0.017553291322800008
681,340.7481077,-0.0457708675382,0.028748540879281997,-0.08060396195220002
682,341.2481077,0.0906703938478,-0.007432394027014,0.022264680853
683,341.7481077,-0.12774304032678,0.0448836946442,-0.28245104792660003
684,342.2481077,-0.05218126251060001,-0.23235435488044,0.19642552375519998
685,342.7481077,0.40011069552328005,0.23434495926408,-0.03460072517763999
686,343.2481077,0.06042049319401999,0.016005525589640003,-0.0536138248432
687,343.7481077,0.011460402535600003,0.08212333678354,-0.297103919982
688,344.2481077,0.07169140867904,0.009142780307840001,0.0522574520354
689,344.7481077,0.0600066991118,0.018909196849906,0.042653274533199996
690,345.2481077,0.03377232521592,0.012338819506976,-0.027260284421
691,345.7481077,0.01438301533934,-0.00751477241292,0.0070153808602
692,346.2481077,-0.009337457566599996,0.01033960341782,-0.0545995330816
693,346.7481077,-0.00923765197358,-0.0003263664262459993,0.038278064732106
694,347.2481077,0.01352180391588,0.005082740783073999,-0.036992950443092004
695,347.7481077,0.008944508582259598,-0.01439373016494,0.040922927851600004
696,348.2481077,-0.0017934539902999978,0.005273528097599996,-0.013432483675
697,348.7481077,0.00198965474958,-0.00014143943847999983,-0.00184608459216
698,349.2481077,-0.0117306584101,-0.005643186567272399,0.009697360996580001
699,349.7481077,0.00639531329164,-0.0002505588559040001,0.022249078749439998
700,350.2481077,0.00675467401192,-0.09371340275124,0.033442668923200004
701,350.7481077,0.06859660297694599,-0.38424609660599995,0.11567743301338
702,351.2481077,0.04735361329868,-0.382244939806,0.193055057525
703,351.7481077,0.013016473760199996,-0.378680992125,0.19379550933188
704,352.2481077,0.0966102407864,-0.082843770978,0.0454374122632
705,352.7481077,-0.0020465251048600018,0.060050477981880006,-0.13076486587726
706,353.2481077,-0.049859154766313994,0.3871574831014,-0.145952243802
707,353.7481077,-0.11973023466914,0.42249751091820004,-0.2948760986464
708,354.2481077,0.0603920493912,0.5111650991692,-0.29811740874892
709,354.7481077,-0.0497550496404,0.7349435901536,-0.42083847999740004
710,355.2481077,-0.09484150380720001,0.38174166202180004,0.046843090057219997
711,355.7481077,0.05744001345359999,0.167457208674,-0.019000759140600006
712,356.2481077,-0.11701895947440001,-0.2968078946912,-0.0598309516677
713,356.7481077,-0.029642838539200005,-0.15877968787338,0.2497190189998
714,357.2481077,-0.09446936604459999,0.7936838388712001,-0.7979730701516
715,357.7481077,-0.1134472209234,0.266023836114,0.08100614548760002
716,358.2481077,-0.004709728973560003,-0.11109472273992001,-0.067116584738
717,358.7481077,0.005668477418400002,-0.22147172452740002,0.08114130015462001
718,359.2481077,-0.2137631428188,0.12318327906794,0.16976375577914
719,359.7481077,-0.03290088832079998,-0.2781208658398,0.04927553177840001
720,360.2481077,-0.03278162718488001,0.009926877005999995,-0.20266762731876
721,360.7481077,0.0233747762828,-0.042868070609799996,-0.1054271697756
722,361.2481077,-0.1949279463316,0.1853048372068,0.151004352575056
723,361.7481077,0.09567256627503999,-0.40444322590619997,-0.37349195477720004
724,362.24388448541663,0.056747397410645835,0.19521576165979168,0.26177204649729163
725,362.7627873425532,0.05859232680085107,-0.2904941731527234,-0.3176484818068085
726,363.2531077,0.15255990434387998,0.31611259458299995,0.3626260757435
727,363.7531077,0.19138207181748002,0.005949964546999986,-0.24878070825159998
728,364.2531077,0.0038557837839999997,-0.3458405018244,-0.0503826236854
729,364.7531077,0.38446833847694,0.103869435737,-0.09571907040399999
730,365.2531077,-0.023480317567189986,0.32102049352,0.2225490665402
731,365.7531077,0.030361750152871392,0.040216424499,0.0783890437616
732,366.2531077,0.41219459291572,0.10871880292889999,-0.196110773084
733,366.7531077,-0.24635224580826,-0.0766332626428,-0.11021516801049999
734,367.2531077,-0.1712520873584,0.1631961202628,0.015761041614200003
735,367.7531077,-0.069549362063262,0.0931391811374,-0.0766744041388
736,368.2531077,-0.08431580364612,0.010445928582819994,-0.07962366104008
737,368.7531077,-0.026947321886650003,0.0559178352392,0.011341733938400005
738,369.2531077,-0.0552461856591,0.046276688574199996,-0.112852783207
739,369.7531077,-0.060341367123,0.004781770707600001,0.07483972549120001
740,370.2531077,0.08537709593663999,-0.04041998386985999,-0.08872061727159998
741,370.7531077,-0.0603276777216,0.031075921088299988,0.0290238666328
742,371.2531077,-0.017983967654599996,0.040942583084,-0.027880926121999997
743,371.7531077,0.0299263471342,-0.0021757793620000142,-0.058297786715399987
744,372.2531077,0.006687343122260001,0.019317750941580003,-0.03469193458099999
745,372.7531077,0.0005094474612640032,-0.042765083318580005,-0.1901655960048
746,373.2531077,-0.007432047145779996,0.11679052115768002,0.0910000038488
747,373.7531077,0.1460332459228,-0.08742013216611999,0.09995597838022001
748,374.2531077,0.0327967786988,-0.09343573095819999,-0.0864689254858
749,374.7531077,-0.0882716992474,0.08853693008019999,-0.1379954624248
750,375.2531077,-0.2062650471928,0.04654361251199999,0.17230953217660003
751,375.7531077,0.03145218222936,0.01104685068292,-0.09602263447058
752,376.2531077,0.094471241685,-0.010713789458799994,0.08889888763762001
753,376.7531077,-0.032412641639,0.09014529706122001,-0.21938706401162
754,377.2531077,-0.006459025440399997,0.033832073214820006,0.038304977415399996
755,377.7531077,-0.08186123968220001,0.019730215085239998,0.1361983299288
756,378.2531077,-0.018116367459560002,-0.01756994250059999,-0.17311958312384002
757,378.7531077,-0.07515685858339999,0.020333011171799996,0.05879909514634
758,379.2531077,0.058347907063494,0.022984445089000008,-0.1658285713254
759,379.7531077,-0.14627029121092,0.036245920655480005,0.1616819572389
760,380.2531077,0.09975087106458,0.030434095862199997,0.0387712097248
761,380.7531077,0.010663105858080004,0.19869539022854,-0.007881698609160001
762,381.2531077,-0.062858330011,0.2463412260998,-0.014416160580400001
763,381.7531077,-0.010549081565279997,0.18952775954282,-0.114881343830878
764,382.2531077,0.02241716444284,0.13124153374438,-0.024938364026
765,382.7531077,0.0198203039264,0.10450432299559999,-0.044162588113760004
766,383.2531077,-0.03229210914386,0.36491753101995994,0.011543664929800015
767,383.7531077,0.0077757257256000105,0.16637150528959999,-0.13492256164178
768,384.2531077,-0.32805119470565997,0.15283595205866,-0.1832148838153
769,384.753107124,-0.0787868482092,0.16521008488499997,-0.28727190971780003
770,385.2531069,-0.15466069728948,0.1716024303398,0.3511427021454
771,385.7531069,0.16266142640079997,0.6416209221056001,-0.7143332672427999
772,386.2531069,0.07404573612179999,0.9897884940939999,-0.52105802536406
773,386.7531069,0.028332252512060004,0.8454216384808,-0.507255096428
774,387.2531069,0.007114399969339998,0.8264123725849,-0.2713132190648
775,387.7531069,0.015238137995399996,0.9014664554332,-0.4961750316714
776,388.2531069,0.0014053013827799966,0.9448576450364,-0.337496871944
777,388.7531069,-0.17947354689586,0.8234684180958,-0.46987163542146
778,389.2531069,0.1541195410852,0.80567557336568,-0.461213588739
779,389.7531069,-0.04450757293700001,0.33052859305680005,-0.17009514806790002
780,390.2531069,0.026966094074262,0.3163725471752,-0.148250703837
781,390.7531069,-0.03491101803428,0.5463972282262,-0.24592299461060002
782,391.2531069,0.02744478449596001,0.35380499838977997,-0.29826572419847996
783,391.7531069,-0.0806742963166,0.42954565046820004,-0.2391717433878
784,392.2531069,0.009907362159119994,0.18583483696807998,-0.0834497356534
785,392.7531069,-0.020755129417000005,0.31278376579596,-0.25946283338932
786,393.2531069,-0.052425884008264,0.12115153312372,-0.0460423183432
787,393.7531069,0.05969646513420001,-0.595116834659,0.3136169338328
788,394.2531069,0.0006461387921999984,-1.0499724483200001,0.7351343440894
789,394.7531069,0.045879261499499994,-0.79463093759,0.566214218162695
790,395.2531069,0.022336599235099997,-0.4381587314552,0.34149587630260003
791,395.7531069,-0.005361303091800004,-0.268610315316746,0.1449950218178
792,396.2531069,0.053094877009020006,-0.169421215053,0.25099341392854
793,396.7531069,0.0011889219008000024,-0.08817860603328001,0.07037860870416
794,397.2531069,0.026154371498199994,-0.08350725174265898,0.031248722060800004
795,397.7531069,-0.0274584662834,-0.05679905891496,0.125643548958
796,398.2531069,0.01979786336096,-0.06993107795612001,0.03945698736946
797,398.7531069,-5.1932927400000216e-05,-0.035735292432400007,0.0707972335772
798,399.2531069,0.010701608956966,-0.033779993052380004,-0.030580883028159995
799,399.7531069,-0.002572788007279998,-0.006846704485939999,0.14787066459284
800,400.2531069,-0.01531006336178,-0.020081615448703998,-0.0708728599546
801,400.7531069,0.006825860143558001,-0.010726470947236,0.052184944158000006
802,401.2531069,0.012743237615480001,0.0019754695918360004,-0.04619689941656
803,401.7531069,0.0017242133616419994,-0.00370937347312,0.01668634414134
804,402.2531069,-0.005155546666920001,-0.004648456574492,-0.01473072052014
805,402.7531069,0.0048378926487719996,0.0013580703745799977,0.03536659240824
806,403.2531069,-0.002730042604680002,-0.055973224639794,0.017271537783480003
807,403.7531069,-0.00202943779364,-0.3358479976614,0.140073909753586
808,404.2531069,0.05710142914006,-0.4685231018046,0.3076341819674
809,404.7531069,0.02811853259504,-0.5081806850399999,0.28130867004294
810,405.2531069,0.0033611627649999987,-0.2993099403455,0.21609149931160002
811,405.7531069,0.06797232151094,0.10341525077913599,-0.127633132925
812,406.2531069,0.12814949601966,0.16089627266066,-0.187116279612
813,406.7531069,-0.0946679311952,0.1446325969662,-0.12363560677735999
814,407.2531069,-0.0959093800226,0.11220641135923999,-0.23320083616639997
815,407.7531069,-0.011979720281199997,0.25752286910722,-0.15381536483760003
816,408.2531069,-0.0362756345226,-0.11051708698159998,0.11040116309600002
817,408.7531069,-0.003071882392233997,0.22815212727668002,-0.2875117016334
818,409.2531069,0.036577088846,0.2000586843526,-0.36030938155389997
819,409.7531069,-0.12141477137258,0.27046245575600003,-0.040058231353
820,410.2531069,-0.0017843804042600197,0.19654392720048,-0.1723726653584
821,410.7531069,0.02979335006815999,0.14537978649459998,-0.15111519810856
822,411.2531069,-0.07073862341764,0.1251383399985,-0.1280190563152
823,411.7531069,-0.2940945860724,0.1422226142877,-0.05579118732859999
824,412.2531069,-0.32401255577800003,0.15875290870616,-0.16918309213660002
825,412.7531069,-0.4184898108064,-0.015538806916199998,-0.0335044669274
826,413.2531069,-0.6998986277020001,0.055267605794,-0.03996601104337999
827,413.7531069,-0.8182129183560001,0.1357336854966,-0.034133768099819994
828,414.2531069,-0.6765965110145999,0.2221618079781,0.07705682750699999
829,414.7531069,-0.7998045325514801,0.1770190715742,-0.2982822322632
830,415.2531069,-0.7693070632196001,0.1227481222036,-0.10104512212538001
831,415.7531069,-0.5448430585732,0.16293927188319998,-0.2800339698482
832,416.2531069,-0.3136156320588,0.07463098527142,-0.36655252460759996
833,416.7531069,0.3370853215618,0.14401028155448,-0.35287931439520004
834,417.2531069,0.45929616867219997,0.1630201292040056,0.30998331068803997
835,417.7531069,0.4827166128042,0.0892172527398,-0.2204222488126
836,418.2531069,0.20546763743459998,0.16430414198784,-0.06044564247960001
837,418.7531069,0.10361607195639999,0.0613131332214,-0.11288349154842
838,419.2531069,0.312980886675,0.182244176884,-0.1383359814218
839,419.7531069,0.2078353417328,0.5350773430154,-0.40202820776000003
840,420.2531069,0.026161762204519986,0.6003052711124,-0.185071849814
841,420.7531069,0.39052154852599996,0.44053910256789997,-0.4968938445698
842,421.2531069,-0.0719155863578,0.38372050288113996,-0.3918022441602
843,421.7531069,-0.1432889048912,0.3413064861256,-0.17524067880919997
844,422.2531069,0.18516301422057999,0.38255773545766,-0.3805041885312
845,422.7531069,0.11051865250000001,0.3260335445388,-0.10512683875620006
846,423.2531069,0.18885827695100002,0.23471021654674,-0.18796256068919998
847,423.7531069,-0.1491725498706,0.3091191196444,-0.3456431579504
848,424.2531069,0.1485819935788,0.36874066352608,-0.2246264171404
849,424.7531069,-0.07909736842519999,0.35559745310380003,0.06371532440219997
850,425.2531069,0.1498190915342,-0.0007392215472000005,-0.4020770644646
851,425.7531069,-0.06108577849439999,-0.10137986181280001,0.36703443527924
852,426.2531069,0.16486713081039997,-0.4828981208378,0.20769449229919995
853,426.7531069,0.1999707911884,-0.3465542840588,-0.09270000930400002
854,427.2531069,0.12437396796304,-0.3036213970375,0.17310019491200002
855,427.7531069,0.119132754659,-0.21740252495998,0.2966048908096
856,428.2531069,-0.05957655640648001,-0.3351222431464,-0.06868642808952
857,428.7531069,-0.1428887975956,-0.21836676954960002,0.03711606980459999
858,429.2531069,0.030370980523199996,-0.1129765653624,-0.11303295129522
859,429.7531069,0.006603069373328004,0.1822162187066,-0.23990861887336198
860,430.2531069,-0.170002107483,0.29913002130919997,0.300652418138
861,430.7531069,-0.12247251168638,0.24619070889946,-0.398837671346
862,431.2531069,-0.0829296635138,0.20883673070882,0.027337942117220005
863,431.7531069,0.0387116655786,0.304817496519526,-0.049545173655799996
864,432.2531069,0.02870532512726,0.2385612702356,-0.025696992873599996
865,432.7531069,-0.009960827970060001,0.44054387332092,-0.09565144542884
866,433.2531069,0.19830055222008,0.4264083933896,-0.013605327635839997
867,433.7531069,0.07780649795786002,0.39346245524780005,-0.09496081350634
868,434.2531069,-0.08691191242860001,0.7579740500602,-0.3837725258058
869,434.7531069,0.013710783428519993,1.1549271416408,-0.06814966201179999
870,435.2531069,0.055970119519560005,0.92514259102,-0.0663947200292
871,435.7531069,0.0421776679228,0.19096060039200002,-0.014268922767999959
872,436.2531069,0.0529745925962,0.46961157318658,-0.12494453432599997
873,436.7531069,-0.07903725267216,0.78668081767708,-0.10387671471280001
874,437.2531069,0.12246767551032,0.510769023892,-0.048687706012000016
875,437.7531069,-0.13307772159189601,0.7444338608246,-0.03138702389940001
876,438.2531069,0.13369489402362,0.9289555979319999,-0.1492901325225
877,438.7531069,0.037189607019558,0.821746425636,-0.11144061089980001
878,439.2531069,0.0006252707583119996,0.09986156940680001,-0.039096851353458
879,439.7531069,0.003956436069043998,-0.5656889176464,0.0565376853951
880,440.2531069,-0.033023652138386005,-0.7395055007860001,0.11692451476426001
881,440.7531069,-0.0162746489013,-0.2691963553488,0.02405328750804
882,441.2531069,-0.009605306387136,-0.1357412338258,0.01972463607842
883,441.7531069,0.003294242027760001,-0.052578685283318,0.00300571441682
884,442.2531069,-0.0028622731567,-0.02461512565644,0.0007940864565580002
885,442.7531069,0.002924774586146,-0.010200729369514001,0.007904930115124
886,443.2531069,-0.0024403393268100006,-0.003133077620914,-0.0037231254572000004
887,443.7531069,-0.0035571044703399998,-0.007784094811608,-0.002220954896334
888,444.2531069,0.031190944910875998,-0.004131391046680001,0.029436073299988
889,444.7531069,-0.04702233284538,0.01243953704832,-0.030780906679499998
890,445.2531069,0.0110411036023914,-0.006539366245,-0.0002834320066444003
891,445.7531069,0.010024981796418,0.00047804832427399954,0.0026465606680540006
892,446.2531069,-0.0009868749965799997,-0.00029641389825999973,0.0016713142400340008
893,446.7531069,0.00303326606964,0.0013018274306899997,0.0002349662796939997
894,447.2531069,-0.002818064690334,0.0036979675290399992,-0.002398643495559998
895,447.7531069,0.0017204421758600006,-0.059649307725167994,0.01255558014114
896,448.2531069,-0.00789381385072,-0.636208038338,0.05960311889574
897,448.7531069,-0.0118976497648596,-0.535155862566,0.08377258300616001
898,449.2531069,0.022802942394202,-0.340139233466,-0.011738166803699998
899,449.7531069,-0.040170094964059995,-0.097782313818168,0.09188106536679999
900,450.2531069,-0.002708707439499996,0.6381768485568,-0.1055298137622
901,450.7531069,0.004464305039500001,0.384536100625,0.0652178192144
902,451.2531069,0.0363557147982,0.3521225364408,0.03801795957900001
903,451.7531069,0.05500244020896,0.4111020746842,-0.00248227119160001
904,452.2531069,-0.013613882654160001,0.43907345450359997,-0.0008947944100000171
905,452.7531069,0.06791298687834,0.32375088798260004,0.0362257862468
906,453.2531069,-0.0841453015805,0.34837347260720003,-0.24039215087359994
907,453.7531069,-0.12615276277003998,0.3098393330352,0.13324472426439996
908,454.2531069,0.1395752108129172,0.40091754137839997,-0.11511417388275998
909,454.7531069,-0.009692799744840004,0.29476450740102,0.054701328254200016
910,455.2531069,-0.0432250168206,0.19301885202680003,0.0450461388079
911,455.7531069,-0.021933143287119997,0.25915796995966,-0.11558304788340001
912,456.2531069,-0.052943513098599994,0.24618396864882,-0.17278276438780002
913,456.7531069,-0.071984899047138,0.1505992229307284,0.04164570811200002
914,457.2531069,-0.015907236490099997,0.15621069669680002,-0.015477256756500019
915,457.7531069,0.14244210451019998,0.19911681180159999,-0.5179774664986
916,458.2531069,-0.1547012406378,-0.04777971280079999,0.7506799316685999
917,458.7531069,0.02662577567852001,0.08743327049744,-0.10141906735865998
918,459.2531069,0.06830153108204,0.2582418114046,-0.2834698390568
919,459.7531069,0.03323861658846,0.19255557863368,0.1243800354256
920,460.2531069,0.0022790789512000045,0.14653290458454,0.14446345328400007
921,460.7531069,0.11482281461084,0.14068745314636,-0.1124908733186
922,461.2531069,-0.05277274355238,0.1729882502577,-0.029352436045599988
923,461.7531069,0.045827917459964,0.07709704488508,-0.10291804314599999
924,462.2531069,0.046578020004600006,0.09373276234058,0.04683352471800001
925,462.7531069,-0.036278571787512,0.040751593113500004,-0.1381292247314
926,463.2531069,-0.1531468568728,0.0484792882182,0.09890281683499999
927,463.7531069,-0.1288967797181,0.1675000220474,-0.04297091484020001
928,464.2531069,0.040610244566639996,-0.03928744256446,-0.06142663005600598
929,464.7531069,0.18495882183218001,0.11391883790014001,0.04484266284980001
930,465.2531069,0.09082678019660001,0.13877407194448,0.10623349190659997
931,465.7531069,-0.023515393122,0.013847340932799998,-0.148471880008
932,466.2531069,-0.09695011623199999,0.18225834606,0.17697679516
933,466.7531069,-0.19486669136298398,0.14526789783002003,-0.006902637498500011
934,467.2531069,-0.110899205508004,0.08765588819680001,-0.11098710051999999
935,467.7531069,-0.144244148729,0.19504814983774,-0.22157584192600002
936,468.2531069,0.40486235618674,0.17847647431080002,0.010923109035399987
937,468.7531069,0.68655034662,0.10912955403038,0.02452342030791999
938,469.2531069,0.5475450146317999,0.084844515322116,-0.023934450129999986
939,469.7531069,0.40051128984080003,0.11337867975174,-0.17962335586099998
940,470.2531069,0.37681676268799996,0.070520089864756,0.054094982163180004
941,470.7531069,0.31688213705797996,-0.01347440361786,-0.019943933464800005
942,471.2531069,0.1508895468782,0.08442965031676002,-0.1872250461442
943,471.7531069,0.13934555472132001,0.014153059718,0.31982538232392
944,472.2531069,0.1076409506804,0.06598545789350001,-0.094919929484
945,472.7531069,0.08888453425110679,0.04532620430232,0.016193647353999977
946,473.2531069,-0.1828413837796,0.1062095630144,0.09748612406600002
947,473.7531069,-0.5195079615784001,0.12037111639678001,0.00040312764540001325
948,474.2531069,-0.45908702970279996,0.4575635766808,-0.20764766692439998
949,474.7531069,-0.2848124456439,0.3879531383538,-0.1388325691258
950,475.2531069,-0.22416610225712,0.34273958921648,-0.007098913174119988
951,475.7531069,-0.1707375264217,0.27821913480649596,-0.11007413866815999
952,476.2531069,-0.17534438922596,0.274111359119108,-0.040578117371980006
953,476.7531069,-0.10535684398972,0.21793663263109997,-0.10852725978338
954,477.2531069,-0.11794891208394001,0.19717769146279998,-0.06189352035100001
955,477.7531069,-0.19964469702263,0.16141046047267998,-0.020508346553199993
956,478.2531069,-0.20794836223506,0.1162172770518,-0.03607271194379999
957,478.7531069,-0.222781467736,0.15358918665260002,-0.07334304808099999
958,479.2531069,-0.24669296412840003,0.051720819476799997,0.06583029749299998
959,479.7531069,-0.09340250760578,0.11311393022880001,-0.037567157696600004
960,480.2531069,-0.0549290901384,0.054289407727200006,-0.06650681498819999
961,480.7531069,-0.06926070034290001,0.10315463542594801,-0.07252182007918
962,481.2531069,0.15837889075660003,0.25064445734962,-0.40318073274
963,481.7531069,-0.02337496102339998,0.181628217678,0.5461605930800001
964,482.2531069,0.05061938218120001,0.34805911778740006,-0.09220142362219999
965,482.7531069,-0.12922123482700001,0.23947609904712,-0.392078752546
966,483.2531069,0.13336100219520003,1.1186692666924,-0.12009327886719999
967,483.7531069,0.056262191231800006,0.9294359183192801,-0.4433993530462
968,484.2531069,-0.11062989439479999,0.7718684601444,0.2963517856506
969,484.7531069,0.11901626300525998,0.6012375760044,-0.38885578155899997
970,485.2531069,-0.0725892588296,0.5468252944462,0.2664851570814
971,485.7531069,0.08107080840378,0.312364613981932,-0.30613085745554
972,486.2531069,-0.03436262808802,0.2387200832444,0.03172695153960003
973,486.7531069,0.0801190556546,0.23063141823126,-0.029758224465979997
974,487.2531069,-0.0010308264173600023,0.41311288595260004,-0.0772999095712
975,487.7531069,0.047208982217546,0.46298235414,-0.032982225407199986
976,488.2531069,0.0505546617555,0.5598846959619,-0.17967211726159998
977,488.7531069,0.0031666662578559985,0.5649502897302,0.101250896454638
978,489.2531069,0.0199706331988,0.34135642052119997,-0.057049713138399995
979,489.7531069,0.0444031903368,0.18488727092461998,-0.023278388980239997
980,490.2531069,-0.039134664463819996,-0.4826255822214,0.06023078918139999
981,490.7531069,-0.005288466213600001,-0.81546517369,0.0822118759111
982,491.2531069,-0.01813169896794,-0.363051871058,0.03743040084752
983,491.7531069,-0.001729178052504201,-0.1387591922252,0.011988277433239998
984,492.2531069,-0.00795404713388,-0.06424510001788,0.013911609649374
985,492.7531069,0.008224698009999998,-0.023917173147200002,0.002265586850899999
986,493.2531069,0.00013317927756000033,-0.008785383701106,-0.005569515229574
987,493.7531069,0.007388772814112,-0.010339310170602,0.014232540130919999
988,494.2531069,-0.007429130673719999,-7.236719170000016e-05,-0.010011844640011997
989,494.7531069,0.0025628434130199997,0.00414353251496,-0.006091194152258001
990,495.2531069,-0.005097134857825999,-0.010169981717379999,0.00909057617046
991,495.7531069,0.015007364448812,0.007826402187364,-0.032019100188026
992,496.2531069,-0.00648748233762,0.012329983709420001,0.09514837264883401
993,496.7531069,0.0023943813502000006,-0.0244322705272,-0.0468667984038
994,497.24500275869565,-0.014268994895630436,0.008178151170026087,-0.031136616408913048
995,497.7609640791666,-0.004003655514202084,0.0023058677715374998,0.006079534688937499
996,498.2531069,0.008901236842322002,-0.0079049468038,0.028098392486073997
997,498.7531069,-0.0257635262524,0.022323296074579998,-0.11881330490375999
998,499.2531069,0.01431617550308,-0.017263891695733998,0.0025139808568999987
999,499.7531069,0.01543053835794,-0.01617148876378,0.14732910156394
1000,500.2531069,0.00650496635726,-0.0161686325072076,0.025460147856200002
1001,500.7531069,-0.008580421061992001,0.0011732459050800004,0.01432443619312
1002,501.2531069,0.0002689939749600001,0.004958205224808,0.003778820032219999
1003,501.7531069,0.003521952033240001,-0.005549693110446,-0.005055503842582001
1004,502.2531069,-0.004334317295840001,0.0020017027854339997,0.032028961185640005
1005,502.7531069,0.008692604900399999,0.004708862303302,-0.05989082336594
1006,503.2531069,-0.0013119290769599999,-0.25698424219981,0.026288223257600007
1007,503.7531069,-0.00701308846238,-0.045726702212779996,-0.009322624206700002
1008,504.2531069,0.01294274493934,-0.03439661025514,-0.025094451905312
1009,504.75310675599997,-0.009869786646220001,0.01988244056704,-0.00345304489272
1010,505.2531067,0.01174461498506,-0.00026489734662200003,-0.01589366913214
1011,505.7531067,0.003390498157817999,-0.003685402868784,0.00668867111274
1012,506.2531067,-0.007432841388240002,0.036716508869063996,0.021206207275979997
1013,506.7531067,0.0220923498249,0.029344859124179997,-0.03244974136546
1014,507.2531067,-0.049923313854088,0.14874288797778198,-0.004113674167999998
1015,507.7531067,0.013167587671179998,0.07313194513284,-0.03090911865272
1016,508.2531067,0.018979899285619998,-0.0002658367150600005,0.01925708771212
1017,508.7531067,-0.07158769652352,-0.014869060512399999,0.06992490768254
1018,509.2531067,0.06672078102586002,0.011151087285079998,-0.1240060997088
1019,509.7531067,0.005950500372526,0.10115942716294,0.0074444770826400004
1020,510.2531067,-0.0020398628688200002,0.0365373384941,0.023734073637364
1021,510.7531067,-0.004149510860060001,0.020491429567239997,-0.029195041657680002
1022,511.2531067,0.0012012338635399987,-0.018133988380482,0.0028130912752799987
1023,511.7531067,0.0079613673685,-0.02983328699776,0.01538148879924
1024,512.2531067,0.00737853765452,-0.29439537465608,0.027635574341862
1025,512.7531067,0.00039645791001999996,-0.08543456673469199,-0.001983470915919998
1026,513.2531067,-0.0039479577553,0.0594392836088,0.0020195198080599996
1027,513.7531067,-0.010309448246219998,0.03382504463252,-0.014115791318595998
1028,514.2531067,0.00775050163404,0.06830352663994,0.0021056556744599992
1029,514.7531067,0.00530299306028,0.07095152974192,-0.0112555313118
1030,515.2531067,-0.13962539077252,0.0355266463719,-0.011555747990875003
1031,515.7531067,0.20199649988924,0.21376569986139998,0.005340614325019999
1032,516.2531067,-0.13749035714561,-0.009926305262200001,0.15841533660464
1033,516.7531067,0.0827840468498,-0.050552594365680006,0.0742391776946
1034,517.2531067,0.008352710006340002,-1.4405802962626,-0.042452869395000016
1035,517.7531067,-0.6529238938755,-1.8123017943100002,-0.020213451391159997
1036,518.2531067,0.3573061907226,-0.3681021833298,0.06790791507920002
1037,518.7531067,-0.333063295177,-0.9198262906515999,0.023084316265000005
1038,519.2531067,0.07790789098320001,-0.63170606553632,0.21933017730100002
1039,519.7531067,0.040216152068620004,-0.4116247182946,0.11251432419536
1040,520.2531067,0.018543836475599998,-0.267638434463802,-0.1497666168008
1041,520.7531067,0.1468210703116,-0.16847640307619996,-0.0384659385528
1042,521.2531067,0.0879541051528,-0.28335702464536,-0.10199595458659999
1043,521.7531067,-0.20348257442179998,-0.24180212644840002,0.197114353188
1044,522.2531067,0.09843577332786,0.0010237598409400012,0.26982871054502
1045,522.7531067,-0.2084280672012,-0.010714240075195992,-0.29275963781835995
1046,523.2531067,0.06359074800164001,0.052058366533600006,0.006209421172180003
1047,523.7531067,-0.05407006859016,0.0167523434798,0.13397968292
1048,524.2531067,0.0851231020784,-0.09774079232798,-0.12572102546619998
1049,524.7531067,-0.0639135497617,0.02931912660838,-0.09266624450199998
1050,525.2531067,-0.0180124425892,0.032198761708,0.11189974783060003
1051,525.7531067,0.018291760233440008,-0.009624052648199998,-0.7056198215880001
1052,526.2531067,0.038261293321200006,-0.21658110024987798,0.5709850501956
1053,526.7531067,0.018025478421479998,0.0747650289572,0.09666700366699998
1054,527.2531067,0.06289136916259999,0.18501795829084,-0.26456369397740004
1055,527.7531067,0.03898132240220001,0.004288187006219988,-0.22564866078799997
1056,528.2531067,-0.2536353203238,-0.22437172529719998,0.44805911063400006
1057,528.7531067,0.1077199744954,-0.11296569707,0.17450992586800004
1058,529.2531067,-0.0014222174340000103,-0.12582037804579999,-1.1018163110399999
1059,529.7531067,-0.1654932195213,-0.4665385628296,0.6182051182380001
1060,530.2531067,-0.038974298836159986,0.006030194728399995,-0.467651052528
1061,530.7531067,0.10528420225823201,0.1330461847762,0.568431148528
1062,531.2531067,0.135942421571516,-0.0839269531098,-0.5064966583364
1063,531.7531067,-0.16480601709319997,0.0601328801978,0.00630779266400002
1064,532.2531067,-0.05619786828172,0.005189902769260009,0.23018747332000003
1065,532.7531067,-0.04381859301746,0.17775036454192,-0.21517867086800002
1066,533.2531067,0.051208620668107996,0.147786537406,-0.0713162612697
1067,533.7531067,0.09079414278742,0.09998343466779999,-0.40124800682999995
1068,534.2531067,-0.046637388808,-0.06914431390356,0.303809461628
1069,534.7531067,-0.0163306292088,0.0553198301838,-0.04007822035060005
1070,535.2531067,-0.044566473365400004,0.059905886652659994,-0.0233213996782
1071,535.7531067,0.011561683425100002,0.046010091309119996,0.143530979177
1072,536.2531067,0.05979550303733999,0.0640288746384,-0.16568095217
1073,536.7531067,0.02829244673698,0.1496618640424,0.17298688895000003
1074,537.2531067,-0.018437611460199992,0.2803482842478,-0.2704112624906
1075,537.7531067,0.057819940176000006,0.3017544853731,0.1837119102622
1076,538.2531067,0.00983321219073999,0.29173196674033997,-0.24756897931400002
1077,538.7531067,-0.0990255478182,0.3783292865718,0.0966240787576
1078,539.2531067,-0.019015122518819993,0.3828549528092,-0.2537380695402
1079,539.7531067,-0.0015275721069999948,0.3025966930416,0.216221237211
1080,540.2531067,-0.039993844566799996,0.37313774349086004,-0.26135599135820003
1081,540.7531067,0.042026276904259995,0.5295162940118,-0.0781406020802
1082,541.2531067,0.0007983149563320002,0.7031694316678001,-0.27867094993479996
1083,541.7531067,-0.035405097745799995,0.62279371737,-0.0203624821022
1084,542.2531067,-0.10710316114799999,0.8223018717738,-0.18128868100200002
1085,542.7531067,-0.3104243873364,1.0650839805971999,0.187061586346
1086,543.2531067,0.050720116236800006,1.0836107372936,-0.494973421054
1087,543.7531067,0.07996812029299999,0.7053899120836,-0.06315382007999998
1088,544.2531067,0.024304023385199987,0.6378605437254,0.07203138357100002
1089,544.7531067,-0.04604825598186,0.50446815965,-0.16495580670300003
1090,545.2531067,0.08047764253380002,-0.021745140542620015,-0.023291149197200003
1091,545.7531067,-0.10107478426620001,0.1973159909224,-0.026128253908
1092,546.2531067,0.08692458419964,0.5451481389976,-0.1603646565132
1093,546.7531067,-0.1283940185154,0.8152736854214,-0.10836542125600002
1094,547.2531067,-0.0598041755718,0.53076553345414,-0.055194244372
1095,547.7531067,-0.02352110475872,0.45082441329600004,-0.0253189468382
1096,548.2531067,-0.038414240106040005,0.22449712753162,-0.0547304534924
1097,548.7531067,0.0348916923224,0.2601640462906,-0.0845940399072
1098,549.2531067,-0.0299981380298,-0.0375964593843,0.009589290617500001
1099,549.7531067,0.009569077044560002,-0.436630387306,0.082567062386348
1100,550.2531067,0.062047398142374005,-0.6994354117,0.1448591423086
1101,550.7531067,0.008860720340783997,-0.42752381563109604,-0.031148948671740003
1102,551.2531067,0.02132884312056,-0.2332566726244,0.016673717505159998
1103,551.7531067,0.016860993022,-0.092817676063756,0.022478160857000003
1104,552.2531067,-0.00896964151378,-0.039934518337866,0.010887374876000002
1105,552.7531067,0.00316947888854,-0.02069061517678,-0.024179248813499997
1106,553.2531067,0.002000991102799998,-0.008164657354580001,0.025761814118279998
1107,553.7531067,0.0019884206729000003,0.006830015181445999,-0.009324321749007998
1108,554.2531067,0.033750496059260005,-0.012495456935260002,0.031651802065600004
1109,554.7531067,-0.0410542375958,0.004288082121559999,-0.05652944564508
1110,555.2531067,-0.0005779695166799991,-0.00692837476784,0.04520889282274
1111,555.7531067,0.00348216706144,0.0031456279752400005,-0.024533138273919997
1112,556.2531067,0.0075680054719,-0.0024890971185948,0.0022015571628200004
1113,556.7531067,-0.0075645287383,0.0012629055972400002,-0.010561618804388002
1114,557.2531067,0.0037056836467199996,-0.0014902043343799996,0.009565010071839998
1115,557.7531067,-0.0002639294568199985,0.00199465990048,-0.002611522674275999
1116,558.2531067,0.0005630637606600014,0.0008221101756800007,-0.0008528518655799987
1117,558.7531067,-2.2019454720000332e-05,-0.0006546735770200001,-0.0036599922201700002
1118,559.2531067,-0.01756281846026,-0.00895300745888,0.01459692001588
1119,559.7531067,0.02449896840564,0.00127745509182,-0.0103056907649596
1120,560.2531067,-0.0003700489532200009,0.007086325883802,-0.0033272552460580002
1121,560.7531067,-0.001736883714751999,-0.002556668519644,0.006540756226660001
1122,561.2531067,-0.0040481910594,-0.0012471187110200002,0.003905429841179999
1123,561.7531067,-0.003582418097037999,0.0002417707447199996,-0.011838283539019999
1124,562.2531067,0.0041503651398399986,0.0006816148772179995,0.012831211088999999
1125,562.7531067,-0.0006045986014400002,4.760026819999909e-06,-0.018247623443999998
1126,563.2531067,0.007855337598705998,-0.004614526033580001,0.039131832119979996
1127,563.7531067,-0.0034009209295599997,0.00269027113924,-0.03688913345036
1128,564.2531067,0.00557612515624,-0.0012325024599200002,0.01757015228022
1129,564.753106844,-0.0093458619774,0.00756376743498,-0.014522895813208002
1130,565.2531069,-0.0039017486966,-0.0074517822257,0.01400743484498
1131,565.7531069,0.005048852413239999,-0.0039865136179,-0.008726024630212001
1132,566.2531069,0.0015617309504600014,-0.00018143415716000006,-0.015367736824399998
1133,566.7531069,-0.00036518126829799934,0.0017903137205199993,0.014739017488399994
1134,567.2531069,-0.0037995862988400007,-0.0016988134388200003,0.012570934296902005
1135,567.7531069,0.0001597104981199998,0.00524040579783,-0.02440307617276
1136,568.2531069,0.01795139804512,0.00939891814834,-0.028241596220820005
1137,568.7531069,-0.01118143484108,-0.3783395075705,0.1157460403388
1138,569.2531069,0.033576061573352,-0.572349539398,-0.017185573576000004
1139,569.7531069,0.00803054414548,-0.426097092044,0.13379299163546
1140,570.2531069,0.046095057125884,-0.2432814756026,-0.11247325897277999
1141,570.7531069,-0.021305189364724,0.18519393056628,0.009743633266140013
1142,571.2531069,-0.0348061798901,0.3808699014804,-0.063229618114
1143,571.7531069,-0.0082806274628,0.35275709062399996,-0.0377745056212
1144,572.2531069,-0.0269134357521,0.32953992097959994,0.004962759042799998
1145,572.7531069,0.0260963794384,0.31090296537094,0.0576845073616
1146,573.2531069,0.0107599435008,0.23006272114639997,-0.1733293342344
1147,573.7531069,0.051120710450199995,0.28170728489288,-0.103747844718
1148,574.2531069,0.014663644743739995,0.46836370289080004,-0.2401699924148
1149,574.7531069,-0.050862201052,0.18866972450542,0.33345559122400004
1150,575.2531069,-0.008223352243893998,0.32856597163154,-0.284167432798
1151,575.7531069,0.020078507883000002,0.245062812788,0.200920753545
1152,576.2531069,-0.038413108584,0.26281299957758203,-0.19893939969888
1153,576.7531069,-0.0005770285364919964,0.18979221477237998,0.0896632766384
1154,577.2531069,-0.11786298275320001,0.18763380624064,0.015958614346400012
1155,577.7531069,0.031700681461799995,0.28518403024106,-0.23050881382228003
1156,578.2531069,-0.13825317651278002,0.027223053574420012,0.1994138718188
1157,578.7531069,-0.025108074249079997,0.2328196878712,-0.011596441276200012
1158,579.2531069,-0.0352461859526,0.2138691750136,0.0573690605508
1159,579.7531069,0.03791952401862,0.2039970919448,-0.338908176368
1160,580.2531069,-0.006955843568599998,0.18891571564677,0.11215334886800003
1161,580.7531069,0.106806879187,0.160857367141042,0.012929363259500004
1162,581.2531069,0.05064786307519999,0.17469810627416,0.11538190845197999
1163,581.7531069,0.09197689183232001,0.19000139892174,-0.09941181182705999
1164,582.2531069,-0.0415299719538,0.02487569093528,0.041770019529218
1165,582.7531069,-0.024146051487619998,0.09390069604380001,0.027008800506000005
1166,583.2531069,-0.0868119308324,-0.02248337447556,0.03576473236094
1167,583.7531069,-0.00961780332498,0.1078671771194,0.021565265610799998
1168,584.2531069,-0.0647470194042,0.10192430198002,0.16761226653616
1169,584.7531069,0.047416597083020005,0.11491711169238,-0.026046333297399995
1170,585.2531069,-0.05053809188752,0.07717537433304,0.09827291488460001
1171,585.7531069,-0.01943255431154,0.15653268069047999,0.1196486854476
1172,586.2531069,-0.094889322523,-0.0438050842252,-0.060302877399599976
1173,586.7531069,0.018800858208300006,0.01725025351379999,0.13426268573600003
1174,587.2531069,0.023026226911399997,0.017669799333400002,0.027503385528799988
1175,587.7531069,0.0693896376349,0.052495696545600004,0.017371454289999998
1176,588.2531069,0.11215405143606,0.06997546553146568,-0.20501360892679998
1177,588.7531069,-0.0658380871948,0.027874206893200002,0.3932530784598
1178,589.2531069,-0.041418939450122,0.03547178863912,-0.10297889707040002
1179,589.7531069,0.03712104611509999,0.4881817865322,-0.3207838535362
1180,590.2531069,0.04961275506802,0.4671135496878,0.19289269445420001
1181,590.7531069,0.00106819093524,0.4545403146746,-0.016734762190600005
1182,591.2531069,-0.0824811345288,0.4920659708988,-0.398513793938984
1183,591.7531069,0.018434205069599995,0.6714557337718,0.36565057746
1184,592.2531069,0.0603280450464,0.8639490008852,-0.18336678503320003
1185,592.7531069,0.12959365114106,0.7327845979107801,-0.41218406679319997
1186,593.2531069,0.15831880845382998,0.10578624727019999,0.22663808818820005
1187,593.7531069,0.7909352180572227,0.19901316167160002,0.03657588961306003
1188,594.2531069,1.0611678978658,-0.37646459577679997,0.029021749517800028
1189,594.7531069,1.5772567189020001,-0.62001118179226,-0.10542040826780001
1190,595.2531069,1.45846146821,-0.60251206395752,-0.18659116748100002
1191,595.7531069,1.4872749745543998,-0.4832971906944,0.1626092719704
1192,596.2531069,1.175561933542,-0.12232103348100001,0.07532099724582
1193,596.7531069,1.131709306258,-0.06986873032160001,0.357196598036
1194,597.2531069,1.0730399263,0.189586975593258,-0.034830665581719995
1195,597.7531069,1.1621449757038,0.17314766466880002,0.047687454224426
1196,598.2531069,0.7928132212048,0.1450829028928,-0.13495187759042002
1197,598.7531069,0.5608947181976,0.24238515793256,-0.9624543380466
1198,599.2531069,0.024548242070139996,0.8576906526232,0.016236085905199985
1199,599.7531069,-0.5203845930036001,-0.6163178902995999,0.3739550399886
1200,600.2531069,-0.33039521752900003,0.866674221165,-0.4011325836086
1201,600.7531069,-1.39951260685,-0.20267817915800002,0.4029341316208
1202,601.2531069,-0.9281657325752001,1.025438668762,0.30832806582992
1203,601.7531069,-0.842975805981,0.4374128194198,0.028545284291240005
1204,602.2531069,-0.8741536305668,0.3731023214535,0.1637821292882
1205,602.7531069,-0.5598733920065999,0.259226116462,-0.23989065168419998
1206,603.2531069,-0.37311742544380005,0.475971521442,-0.166463088957
1207,603.7531069,-0.26206337094694,-0.011338719126140005,0.52847948072596
1208,604.2531069,-0.814416266699,0.1331865024806,-0.574926404936
1209,604.7531069,-1.1227706086281999,0.158614289742,0.029966621416199993
1210,605.2531069,-0.060420403496012035,-0.07612102743899997,0.27211757656422
1211,605.7531069,-0.1612825781066,0.039313961933800004,-0.11087033274460001
1212,606.2531069,0.38146105469524,0.5108881396504,-0.03749419219179999
1213,606.7531069,-0.256970319770932,0.5776817274084,0.11878784181615998
1214,607.2531069,-0.0737070989661,0.6920133916976999,0.0273152255832
1215,607.7531069,-0.054964817758100006,0.587740118202,-0.00994148254919999
1216,608.2531069,-0.1298099294272,0.62254377486,-0.023956947317279997
1217,608.7531069,0.1690668107512144,0.18824119804080003,0.1320905494764
1218,609.2531069,-0.13377786278444,0.6952901452664599,-0.026219015089600003
1219,609.7531069,0.075600086449,0.9643029408884,-0.15868834495054
1220,610.2531069,0.486857742062,0.986587953572,0.2413005542106
1221,610.7531069,1.3751637393466,1.070778248246,-0.9533998965869401
1222,611.2531069,-1.01110769267504,0.5435405695358,0.20762004849819998
1223,611.7331068999999,-0.12285684761065217,0.7049296757391305,-0.16966981473086956
